thread_id,first_message,thread_text,is_hard,is_multi_intent,retrieval_sim,is_fresh,thread_depth,has_branches,case_type,golden_id,primary_intent,secondary_intent,should_escalate,reference_resolution_summary,labeling_notes
2919375,@SpotifyCares spotify isnt working,"@SpotifyCares spotify isnt working @808035 Hey! We were off beat for a second, but we’re back on track now (excuse the puns) /CE",True,False,0.5,True,1,False,hard,G001,other_unclear,,False,Thank the customer for reaching out. Ask them to describe their issue in more detail so the right support team can assist.,Auto-labeled as other_unclear; message lacks sufficient intent signal.
2917877,Spotify is down... I need to download Christmas songs to annoy the Christmas temps at work 😩😩😂😂 @115888 help me!,"Spotify is down... I need to download Christmas songs to annoy the Christmas temps at work 😩😩😂😂 @115888 help me! @807645 Hey, thanks for the report! We had a little hiccup earlier, but everything should be running just fine now /JS",True,False,0.5,True,1,False,hard,G002,download_offline,,False,"Ask for the device and Spotify version. Check: Premium subscription active, device storage, offline device limit (max 5 devices), and whether the toggle is enabled in Settings → Playback → Offline Mode.",
2920712,@115888 why you no work?,"@115888 why you no work? @161431 Hey. We've made a few tweaks backstage, so this should now be fixed up. Let us know if not! /CE",True,False,0.5,True,1,False,hard,G003,other_unclear,,False,Thank the customer for reaching out. Ask them to describe their issue in more detail so the right support team can assist.,Auto-labeled as other_unclear; message lacks sufficient intent signal.
2866636,@115888 where is reputation?,"@115888 where is reputation? @649713 Hey Zach! Taylor Swift's 'Reputation' isn't available to stream just yet! For now, check out the singles: https://t.co/3h0TnPWP0c /KC @SpotifyCares when will it be available ?? @649713 We're afraid we don't have any specific info to share right now. Fingers crossed we'll be able to have it soon, but there's info about Spotify content here: https://t.co/0i8GpimuDa 🙂 /GN",True,False,0.5,True,3,False,hard,G004,playlist_content_missing,,False,"Acknowledge the missing content. Explain that content availability depends on licensing agreements. Link to spotify.com/content-policy for more information. If a playlist has disappeared, ask them to check Settings → Recover playlists.",
2754908,@115888 customer support is terrible,@115888 customer support is terrible @115888 @115888 the amount of time I have spent on this I could have just signed up for tidal or Apple Music @771097 Hey there! We're sorry to hear you feel that way. Can you give us more info on this? We'd love to help /NG,True,False,0.5,True,2,False,hard,G005,other_unclear,,False,Thank the customer for reaching out. Ask them to describe their issue in more detail so the right support team can assist.,Auto-labeled as other_unclear; message lacks sufficient intent signal.
2720083,@SpotifyCares https://t.co/izePTgfwaG,"@SpotifyCares https://t.co/izePTgfwaG @763275 Hi! We’d love to have all of Miley's stuff available, but we have some info about content here: https://t.co/0i8GpimuDa. Hope this clears things up /DR",True,False,0.5,True,1,False,hard,G006,other_unclear,,False,Thank the customer for reaching out. Ask them to describe their issue in more detail so the right support team can assist.,Auto-labeled as other_unclear; message lacks sufficient intent signal.
2915209,@SpotifyCares check dm,@SpotifyCares check dm @806950 Hi Burch! We've just sent you a bit more info over DM. We'll carry on helping out there /GN,True,False,0.5,True,1,False,hard,G007,other_unclear,,False,Thank the customer for reaching out. Ask them to describe their issue in more detail so the right support team can assist.,Auto-labeled as other_unclear; message lacks sufficient intent signal.
566316,@SpotifyCares messaged,@SpotifyCares messaged @246670 Hey! We've just sent a DM your way. Let's carry on chatting there /NQ,True,False,0.5,True,1,False,hard,G008,other_unclear,,False,Thank the customer for reaching out. Ask them to describe their issue in more detail so the right support team can assist.,Auto-labeled as other_unclear; message lacks sufficient intent signal.
463558,I’m so fucking annoyed. Every god damned time I try and listen to @115888 on my computer it fucking freezes. Well fuck you too then 🖕🏻🖕🏻@129941 doesn’t do this shit to me...,I’m so fucking annoyed. Every god damned time I try and listen to @115888 on my computer it fucking freezes. Well fuck you too then 🖕🏻🖕🏻@129941 doesn’t do this shit to me... @225208 Hey Ashley! Can you let us know the device/OS and Spotify version you're using? We'll see what we can suggest /AR,True,False,0.5,True,1,False,hard,G009,app_crash,,False,"Acknowledge the app issue. Request device model, OS version, and Spotify version. Suggest updating the app and OS, reinstalling Spotify, or checking for known compatibility issues.",
2917963,@115888 fix your shit.,"@115888 fix your shit. @807673 Hey there! We had a little hiccup backstage, but it should be working now. We're here if you need us /FR",True,False,0.5,True,1,False,hard,G010,other_unclear,,False,Thank the customer for reaching out. Ask them to describe their issue in more detail so the right support team can assist.,Auto-labeled as other_unclear; message lacks sufficient intent signal.
518950,@SpotifyCares anbody home??!!,@SpotifyCares anbody home??!! @239734 Hi there! We've sent a DM your way. Let's carry on chatting there /MO,True,False,0.5,True,1,False,hard,G011,other_unclear,,False,Thank the customer for reaching out. Ask them to describe their issue in more detail so the right support team can assist.,Auto-labeled as other_unclear; message lacks sufficient intent signal.
2913879,Is anyone else’s @115888 down??,"Is anyone else’s @115888 down?? @806625 Hey! We were off beat for a second, but we’re back on track now (excuse the puns) /JE @SpotifyCares Thank for checking in and responding guys! Really appreciate it! @806625 You're welcome! Let us know if you ever need us again. We'd be... https://t.co/LgAM6ky9Vv 💚 /BP",True,False,0.5,True,3,False,hard,G012,other_unclear,,False,Thank the customer for reaching out. Ask them to describe their issue in more detail so the right support team can assist.,Auto-labeled as other_unclear; message lacks sufficient intent signal.
2912462,When @115888 is acting up😣,When @115888 is acting up😣 @806231 Hey! Thanks for letting us know. Everything’s looking good on our end now - are you still having this issue? 🙂 /GN @SpotifyCares No it looks like it's back up now☺️ @806231 Awesome! Give us a shout for anything else ✌️ /JS,True,False,0.5,True,3,False,hard,G013,other_unclear,,False,Thank the customer for reaching out. Ask them to describe their issue in more detail so the right support team can assist.,Auto-labeled as other_unclear; message lacks sufficient intent signal.
2913925,@115888 can’t play anything that isn’t downloaded 😤😤😤😤😤 iPhone 7 with the latest app update,@115888 can’t play anything that isn’t downloaded 😤😤😤😤😤 iPhone 7 with the latest app update @806638 Hey! Thanks for letting us know. Everything’s looking good on our end now - are you still having this issue? /CP,True,False,0.5,True,1,False,hard,G014,download_offline,,False,"Ask for the device and Spotify version. Check: Premium subscription active, device storage, offline device limit (max 5 devices), and whether the toggle is enabled in Settings → Playback → Offline Mode.",
172503,@115888 where’s samuel’s album,@115888 where’s samuel’s album @156313 Hey there! Can you let us know the country your account is set to? We'll have a look /LO @SpotifyCares USA @156313 Thanks. Could you try this link: https://t.co/X4cfqVdpmW? Is this the album you're looking for? /LO,True,False,0.5,True,3,False,hard,G015,other_unclear,,False,Thank the customer for reaching out. Ask them to describe their issue in more detail so the right support team can assist.,Auto-labeled as other_unclear; message lacks sufficient intent signal.
139099,https://t.co/YxliFtc8p8,"https://t.co/YxliFtc8p8 @147345 Hey! Don’t worry, we can help. What’s happening exactly? We've also responded to your DM. Let's continue the conversation there /DN",True,False,0.5,True,1,False,hard,G016,other_unclear,,False,Thank the customer for reaching out. Ask them to describe their issue in more detail so the right support team can assist.,Auto-labeled as other_unclear; message lacks sufficient intent signal.
2936280,@SpotifyCares I WAS CHARGED THRICE FOR THE PREMIUM I CANT EVEN SUBSCRIBE 🤦‍♂️,"@SpotifyCares I WAS CHARGED THRICE FOR THE PREMIUM I CANT EVEN SUBSCRIBE 🤦‍♂️ @811749 Hey, that doesn't sound good! Can you DM us your account's email address? We'll take a look backstage /JN https://t.co/ldFdZRiNAt",True,False,0.5,True,1,False,hard,G017,billing_dispute,,True,ESCALATE to billing team. Do not process refunds via Twitter. Acknowledge the charge concern and direct customer to spotify.com/account to check their plan. Request they DM account email so billing team can investigate.,Hard case with high-risk intent billing_dispute — mandatory escalation.
2815050,@SpotifyCares help,@SpotifyCares help @358544 Hey there! Help's here. What's happening exactly? Can you DM us your account's email address or username? We'll take a look backstage /NQ https://t.co/ldFdZRiNAt,True,False,0.5,True,1,False,hard,G018,other_unclear,,False,Thank the customer for reaching out. Ask them to describe their issue in more detail so the right support team can assist.,Auto-labeled as other_unclear; message lacks sufficient intent signal.
609669,Why spotify?? 😭@SpotifyCares https://t.co/8H7EDLX7hE,Why spotify?? 😭@SpotifyCares https://t.co/8H7EDLX7hE @264939 Hey! We've replied to your DM. Let's continue chatting there /KT,True,False,0.5,True,1,False,hard,G019,other_unclear,,False,Thank the customer for reaching out. Ask them to describe their issue in more detail so the right support team can assist.,Auto-labeled as other_unclear; message lacks sufficient intent signal.
2780855,@SpotifyCares any plans to give us an option to remove the Stranger Things overlay? It’s completely breaking my desktop client now. 😤😤😤😤,"@SpotifyCares any plans to give us an option to remove the Stranger Things overlay? It’s completely breaking my desktop client now. 😤😤😤😤 @776666 Hi there. We're sorry you feel that way. We don't have any info to share right now. We appreciate your feedback on this, and we'll be sure to pass it on to the right folks. Let us know if you have any other questions /LM",True,False,0.5,True,1,False,hard,G020,other_unclear,,False,Thank the customer for reaching out. Ask them to describe their issue in more detail so the right support team can assist.,Auto-labeled as other_unclear; message lacks sufficient intent signal.
622825,@SpotifyCares https://t.co/BDRyRCT9sC,"@SpotifyCares https://t.co/BDRyRCT9sC @267666 Hey Ethan, the cavalry's arrived! We'd like to help you out in private. Can you send us a DM? /LS https://t.co/ldFdZRiNAt",True,False,0.5,True,1,False,hard,G021,other_unclear,,False,Thank the customer for reaching out. Ask them to describe their issue in more detail so the right support team can assist.,Auto-labeled as other_unclear; message lacks sufficient intent signal.
543132,@SpotifyCares https://t.co/HceEYzjbYa,"@SpotifyCares https://t.co/HceEYzjbYa @144687 Hi there. Can you let us know what device, operating system, and Spotify version you're running? We'll see what we can suggest /LM @SpotifyCares iphone 7, i don’t know operating system, and it’s the last version of spotify @144687 You can check your iPhone's iOS version by heading to Settings &gt; General &gt; About. On another note, did this start happening after a specific update? Also, does it only happen with your downloaded songs? /LM",True,True,0.5,True,9,False,hard,G022,download_offline,,False,"Ask for the device and Spotify version. Check: Premium subscription active, device storage, offline device limit (max 5 devices), and whether the toggle is enabled in Settings → Playback → Offline Mode.",
73747,@115888 App pro Apple Watch?,@115888 App pro Apple Watch? @132497 Hey Mira! Check out the official idea and add your vote to let our devs know it's something you'd like to see: https://t.co/BysL5LFq6X /KM,True,False,0.5,True,1,False,hard,G023,other_unclear,,False,Thank the customer for reaching out. Ask them to describe their issue in more detail so the right support team can assist.,Auto-labeled as other_unclear; message lacks sufficient intent signal.
574261,@115888 what's a token error,@115888 what's a token error @255065 Hey Michael! Can you DM us your account's username and email address? It'd be great if you could include a screenshot of the exact message you're getting /JL https://t.co/ldFdZRiNAt,True,False,0.5,True,1,False,hard,G024,other_unclear,,False,Thank the customer for reaching out. Ask them to describe their issue in more detail so the right support team can assist.,Auto-labeled as other_unclear; message lacks sufficient intent signal.
129767,HOW DO I BUY PREMIUM??? @115888 @SpotifyCares,HOW DO I BUY PREMIUM??? @115888 @SpotifyCares @145259 Hey there! Can you send us a DM with your account's email address or username? We'll take a look backstage /AR https://t.co/ldFdZRiNAt,True,False,0.5,True,1,False,hard,G025,other_unclear,,False,Thank the customer for reaching out. Ask them to describe their issue in more detail so the right support team can assist.,Auto-labeled as other_unclear; message lacks sufficient intent signal.
2714741,Fwd: @spotifycares https://t.co/U3XE32TsG4,"Fwd: @spotifycares https://t.co/U3XE32TsG4 @SpotifyCares Where is the option to turn Drake off? @762081 Hey there! We don't have any info on this right now, but we'll let the right team know it's something you'd like to see /MT @SpotifyCares Thanks MT. Really looking forward to options to turn off pictures of Drake and disable Drake pictures!",True,True,0.5,True,4,True,hard,G026,other_unclear,,False,Thank the customer for reaching out. Ask them to describe their issue in more detail so the right support team can assist.,Auto-labeled as other_unclear; message lacks sufficient intent signal.
703178,@SpotifyCares https://t.co/0mhQ44KnCY,@SpotifyCares https://t.co/0mhQ44KnCY @287984 Hi there! Can you tell us what issues you're having and on what device? We'll see what we can suggest /NH,True,False,0.5,True,1,False,hard,G027,other_unclear,,False,Thank the customer for reaching out. Ask them to describe their issue in more detail so the right support team can assist.,Auto-labeled as other_unclear; message lacks sufficient intent signal.
455635,"@115888 I was going to get premium but I literally can’t figure out how, your add for 3 months for only $9.99 should let you buy it after you click on it 🤦🏼‍♀️🤷🏼‍♀️","@115888 I was going to get premium but I literally can’t figure out how, your add for 3 months for only $9.99 should let you buy it after you click on it 🤦🏼‍♀️🤷🏼‍♀️ @223160 Hey there! Can you DM us your account's username and email address? We'll take a look backstage /TF",True,False,0.5,True,1,False,hard,G028,other_unclear,,False,Thank the customer for reaching out. Ask them to describe their issue in more detail so the right support team can assist.,Auto-labeled as other_unclear; message lacks sufficient intent signal.
462644,@SpotifyCares um.. Help? https://t.co/UVy9AacGUp,@SpotifyCares um.. Help? https://t.co/UVy9AacGUp @224960 Hey there! We'd recommend following the troubleshooting steps here: https://t.co/fAKz2xyx26. Let us know if that helps /LO @SpotifyCares Thank you @224960 No problem! Let us know if you ever need us again. We'd be... https://t.co/LgAM6ky9Vv /JQ,True,False,0.5,True,3,False,hard,G029,other_unclear,,False,Thank the customer for reaching out. Ask them to describe their issue in more detail so the right support team can assist.,Auto-labeled as other_unclear; message lacks sufficient intent signal.
2916686,spotify is down im-,spotify is down im- @807321 Hey Becca! Thanks for the report. We had a little hiccup earlier but everything should be running just fine now /CE,True,False,0.5,True,1,False,hard,G030,other_unclear,,False,Thank the customer for reaching out. Ask them to describe their issue in more detail so the right support team can assist.,Auto-labeled as other_unclear; message lacks sufficient intent signal.
2738101,"@767209 @767210 @115888 @SpotifyCares Sorry for the incovenience but why the band ""Comme Restus"" is no longer avaliable in the spotify plataform?","@767209 @767210 @115888 @SpotifyCares Sorry for the incovenience but why the band ""Comme Restus"" is no longer avaliable in the spotify plataform? @767208 Hey there! Sometimes, content is temporarily removed because of licensing changes. Hopefully, we'll have it available again soon. There's more info here: https://t.co/VE7KvznUs9 🙂 /JI @SpotifyCares Just do the fucking contract @767208 We hear you loud and clear. Rest assured, your feedback has been noted and passed onto the team /JI",False,True,0.5,True,5,True,multi_intent,G031,other_unclear,,False,Thank the customer for reaching out. Ask them to describe their issue in more detail so the right support team can assist.,Auto-labeled as other_unclear; message lacks sufficient intent signal.
564498,Hey @117168 why isn't there sound coming out of my iPhone?,"Hey @117168 why isn't there sound coming out of my iPhone? @117168 Y'all don't want me to turn into my aunt on here.  I'm paying for service, but that can change quick. @252227 Hi there. Don't worry, help's here. Can you log out, restart your iPhone, then log back in before checking again? Let us know how it goes /JU @SpotifyCares Thanks, it worked.",False,True,0.5,True,4,False,multi_intent,G032,other_unclear,,False,Thank the customer for reaching out. Ask them to describe their issue in more detail so the right support team can assist.,Auto-labeled as other_unclear; message lacks sufficient intent signal.
534632,"@115888 is there a way to play a song next as you're listening to a playlist? If not, could there please be made a way to do this?","@115888 is there a way to play a song next as you're listening to a playlist? If not, could there please be made a way to do this? @115888 i mean a song not from the playlist, but played next.  i think i can do this in the andoid app version but desktop??? not seeing it @243847 Hey! Are you talking about putting songs in queue? If so, we have more info here: https://t.co/gwWUrYOdIW. Hope this helps /KM @SpotifyCares Close, I'm talking about if I'm playing a song queue and am browsing for more songs and want to have the next song i queue to play first,  i.e. a 'play next' button.",False,True,0.5,True,4,False,multi_intent,G033,other_unclear,,False,Thank the customer for reaching out. Ask them to describe their issue in more detail so the right support team can assist.,Auto-labeled as other_unclear; message lacks sufficient intent signal.
2823491,"@SpotifyCares Hello, does this number reflect actual total stream count for the track, and if so, how often is it updated? https://t.co/Y8xq7hJCMQ","@SpotifyCares Hello, does this number reflect actual total stream count for the track, and if so, how often is it updated? https://t.co/Y8xq7hJCMQ @786728 Hey there! It reflects the total stream count, and it's being updated daily. Let us know if you have further questions /MA @SpotifyCares Then i have a question about https://t.co/RYxaLhbRTx numbers. Day before the number i showed in picture was ~1.74m, now, as in picture, it is ~3.64m. So, approx 1.8/1.9m in the last day. But in chart shows that it had only ~700k streams in last day. Which number is wrong then? @SpotifyCares + The number in question is global streams for 26th of nov",False,True,0.5,True,5,False,multi_intent,G034,other_unclear,,False,Thank the customer for reaching out. Ask them to describe their issue in more detail so the right support team can assist.,Auto-labeled as other_unclear; message lacks sufficient intent signal.
2963253,@115888 create software for my @125066 Switch so I can bust out the jams on any TV at the next function,@115888 create software for my @125066 Switch so I can bust out the jams on any TV at the next function @115888 @125066 @115940 is already on it. @115940 DID THAT! @115888 @125066 @115940 but @115946 where you at? get some software on the #NintendoSwitch @817658 I'll go ahead and forward feedback to our development team regarding this device. *RM,False,True,0.5,True,3,False,multi_intent,G035,other_unclear,,False,Thank the customer for reaching out. Ask them to describe their issue in more detail so the right support team can assist.,Auto-labeled as other_unclear; message lacks sufficient intent signal.
494216,"@SpotifyCares hello I need help I can't open, install or uninstall Spotify https://t.co/A8gaOhTtFP","@SpotifyCares hello I need help I can't open, install or uninstall Spotify https://t.co/A8gaOhTtFP @232842 Hey Alan, we'd love to help! Can you let us know your exact Windows and Spotify versions? We'll see what we can suggest /JP @SpotifyCares Windows 7. I'm not sure which spotify version since it won't let me open the app @232842 Got it. Can you try reinstalling Spotify by going into Safe mode with networking? Does this make any difference /JP",False,True,0.5,True,5,False,multi_intent,G036,other_unclear,,False,Thank the customer for reaching out. Ask them to describe their issue in more detail so the right support team can assist.,Auto-labeled as other_unclear; message lacks sufficient intent signal.
494252,"@SpotifyCares hi, the app crashes everytime I try to create a new playlist in a folder (on the Android app). Will it be fixed?","@SpotifyCares hi, the app crashes everytime I try to create a new playlist in a folder (on the Android app). Will it be fixed? @232854 Hey Alessia, that's not cool! Can you let us know the device, OS, and Spotify version you're using? We'll see what we can suggest /JK @SpotifyCares I'm using a Huawei p9 with Android 7.0, this is the version of the app (I've just realised I had missed an update so i just updated it, but it keeps doing it) https://t.co/97SFjbnvyJ @232854 Got it. Does logging out &gt; restarting the device &gt; logging back in help? Keep us posted /JK",False,True,0.5,True,5,False,multi_intent,G037,app_crash,,False,"Acknowledge the app issue. Request device model, OS version, and Spotify version. Suggest updating the app and OS, reinstalling Spotify, or checking for known compatibility issues.",
1630472,@115888 ummm so why was “Que Fue” by El Alfa removes from Spotify??????,"@115888 ummm so why was “Que Fue” by El Alfa removes from Spotify?????? @499041 Hey, help's here! Can you tell us what country your account is set to? We'll check things out /CH @SpotifyCares USA? It was listed before and all of a sudden it disappeared. All El Alfa’s songs are listed except that one 😡 @499041 Got it! Sometimes content gets temporarily removed because of licensing changes. Hopefully we'll have it available again in the US soon /CH",False,True,0.5,True,5,False,multi_intent,G038,other_unclear,,False,Thank the customer for reaching out. Ask them to describe their issue in more detail so the right support team can assist.,Auto-labeled as other_unclear; message lacks sufficient intent signal.
2707005,@117168 did you guys remove the equalizer feature on the iPhone App?,"@117168 did you guys remove the equalizer feature on the iPhone App? @760224 Hi, help's here! Can you let us know what device, operating system and version of Spotify you're using? We'll see what we can suggest /BE @SpotifyCares Apple iPhone 7plus. Version 8.4.28 and using iOS 11. @760224 Thanks. You can find the feature by heading over to Settings &gt; Playback &gt; Equalizer. Give it atry and let us know how it goes /BE",False,True,0.5,True,5,True,multi_intent,G039,audio_playback,,False,"Acknowledge the playback interruption. Ask for device, OS, and Spotify version. Suggest: clear cache (Settings → Storage → Clear Cache), log out and back in, reinstall the app, or check if another device is streaming simultaneously.",
2895456,"@SpotifyCares 4 months worth of additions to my playlist are missing when listening on my PC, I can still see them on my phone.","@SpotifyCares 4 months worth of additions to my playlist are missing when listening on my PC, I can still see them on my phone. @802394 Hey there! That's not cool. Can you let us know the operating system and app version you're running on your PC? We'll see what we can suggest /PB @SpotifyCares Windows 10, 1.0.68.407.g6864aaaf @802394 Got it. Just to check, does logging out then logging back in help at all? /PB",False,True,0.5,True,5,False,multi_intent,G040,playlist_content_missing,,False,"Acknowledge the missing content. Explain that content availability depends on licensing agreements. Link to spotify.com/content-policy for more information. If a playlist has disappeared, ask them to check Settings → Recover playlists.",
443194,"Yo @115888, the app is terribly buggy, what's up with that?
Constantly loading for minutes at a time when searching. Songs deciding not to play. Blank screens!

Stop taking my money until your shit is fixed! https://t.co/U7LIxPL8I9","Yo @115888, the app is terribly buggy, what's up with that?
Constantly loading for minutes at a time when searching. Songs deciding not to play. Blank screens!

Stop taking my money until your shit is fixed! https://t.co/U7LIxPL8I9 @220018 Hey there! Can you let us know the device, operating system, and Spotify version you're running? We'll see what we can suggest /PL @SpotifyCares Running from my Samsung s7, android version 7.0, and running Spotify v.8.4.26.770 @220018 Thanks! Can you try logging out &gt; restarting the device &gt; logging back in? Let us know if that helps /PL",False,True,0.5,True,9,False,multi_intent,G041,other_unclear,,False,Thank the customer for reaching out. Ask them to describe their issue in more detail so the right support team can assist.,Auto-labeled as other_unclear; message lacks sufficient intent signal.
64398,@SpotifyCares I'm having issues syncing my devices. It's often taking hours before changes are synced across from my desktop app to iOS.,"@SpotifyCares I'm having issues syncing my devices. It's often taking hours before changes are synced across from my desktop app to iOS. @130782 Hey Mark, help's here! Can you try reinstalling the app on both devices? Just follow the steps here: https://t.co/vNY2SFD0tR. Let us know how it goes /PL @SpotifyCares What about my downloaded albums? @130782 Your downloaded tunes are safe. You'll just have to resync them after you reinstall the app. Keep us posted /PL",False,True,0.5,True,5,False,multi_intent,G042,download_offline,,False,"Ask for the device and Spotify version. Check: Premium subscription active, device storage, offline device limit (max 5 devices), and whether the toggle is enabled in Settings → Playback → Offline Mode.",
565390,@115888 your app constantly crashes or doesn't respond. Any known issues for this on android?,"@115888 your app constantly crashes or doesn't respond. Any known issues for this on android? @252492 Hey there! Can you let us know your device's Android and Spotify versions? Also, is this happening over WiFi or 3G/4G? /NQ @SpotifyCares Android version 7.0
Happens during either. I only tend to listen to songs or playlists that i've previously downloaded https://t.co/mxHvZA2654 @252492 Thanks! Does using a different device make a difference? Let us know how this plays out /MS",False,True,0.5,True,5,False,multi_intent,G043,app_crash,download_offline,False,"Acknowledge the app issue. Request device model, OS version, and Spotify version. Suggest updating the app and OS, reinstalling Spotify, or checking for known compatibility issues. Additionally, regarding the secondary issue (download_offline): Ask for the device and Spotify version. Check: Premium subscription active, device storage, offline ...","Multi-intent detected: primary=app_crash, secondary=download_offline."
163719,"@SpotifyCares I have been trying to create an account through my Facebook and when I click on ""create new account"" it says that ""We're experiencing difficulties. Please try again later"". This has been going on for a while.","@SpotifyCares I have been trying to create an account through my Facebook and when I click on ""create new account"" it says that ""We're experiencing difficulties. Please try again later"". This has been going on for a while. @153875 Hey Sara! Have you tried using an incognito window/private browser? Let us know how that goes /TF @SpotifyCares It's still saying the same thing @153875 Got it. Can you tell us what internet browser you're using, does using another browser work at all? We'll be right here /TF",False,True,0.5,True,5,False,multi_intent,G044,other_unclear,,False,Thank the customer for reaching out. Ask them to describe their issue in more detail so the right support team can assist.,Auto-labeled as other_unclear; message lacks sufficient intent signal.
115341,"@SpotifyCares @115888 Jack Off Jill's ""Cockroach Waltz"" has very jarring skips in the song, approximately a couple minutes in.","@SpotifyCares @115888 Jack Off Jill's ""Cockroach Waltz"" has very jarring skips in the song, approximately a couple minutes in. @SpotifyCares @115888 This track is on Humid Teenage Mediocrity (a Collection of Early Joj Recordings 1992-1996) @141634 Hey there! Could you let us know what device/OS you're using? Keep us posted /DF @SpotifyCares This was the desktop app!",False,True,0.5,True,4,False,multi_intent,G045,other_unclear,,False,Thank the customer for reaching out. Ask them to describe their issue in more detail so the right support team can assist.,Auto-labeled as other_unclear; message lacks sufficient intent signal.
500972,"Something’s not quite right, and we’re looking into it. Thanks for your reports!","Something’s not quite right, and we’re looking into it. Thanks for your reports! @117153 So the problem is worldwide ? @117153 Hmmm this isn’t because of the repeal of the net neutrality rules is it? @117153 Down in NC. Just glad they know!",False,True,0.5,True,4,True,multi_intent,G046,other_unclear,,False,Thank the customer for reaching out. Ask them to describe their issue in more detail so the right support team can assist.,Auto-labeled as other_unclear; message lacks sufficient intent signal.
454691,@115888 is wrong Haywire was released in 2009 https://t.co/Isb7yix2Ii,"@115888 is wrong Haywire was released in 2009 https://t.co/Isb7yix2Ii @222906 Hey! Can you send us the Song Link? Just tap the three dots &gt; Share &gt; Copy Link /DF @SpotifyCares https://t.co/8dLVXrLcK0 @222906 Thanks, we'll get this reported. Great detective work! Let us know if there's anything else you need /JK",False,True,0.5,True,5,False,multi_intent,G047,other_unclear,,False,Thank the customer for reaching out. Ask them to describe their issue in more detail so the right support team can assist.,Auto-labeled as other_unclear; message lacks sufficient intent signal.
2368006,I am HERE for the Anastasia musical soundtrack BUT @115888 how dare you delete the music from the aminated 1997 version !!! That's what I grew up on !!! I'm pissed yo (still boppin to these tunes tho),"I am HERE for the Anastasia musical soundtrack BUT @115888 how dare you delete the music from the aminated 1997 version !!! That's what I grew up on !!! I'm pissed yo (still boppin to these tunes tho) @115888 like Liz calloway has the OG hits on her album so nbd, but where's Rasputin's THEME SONG that good shit isn't even in the musical !!!!!!! He's the villain um @683433 Hey there, we hear you! Sometimes content gets temporarily removed because of licensing changes. Hopefully we'll have it available again soon /TB @SpotifyCares I'll be counting the days until then !! Thank ya",False,True,0.5,True,4,False,multi_intent,G048,other_unclear,,False,Thank the customer for reaching out. Ask them to describe their issue in more detail so the right support team can assist.,Auto-labeled as other_unclear; message lacks sufficient intent signal.
2733037,@SpotifyCares Still having issues with songs stopping after a few seconds of playing. This has been an issue for over a month on my android phone. Please advise!,"@SpotifyCares Still having issues with songs stopping after a few seconds of playing. This has been an issue for over a month on my android phone. Please advise! @472000 Hey Owen, that doesn't sound right! Can you let us know the device, Android, and Spotify version you're using? We'll see what we can suggest /JE @SpotifyCares Thanks.  It's a Samsung galaxy S6. Spotify is the most recent version @472000 Got it. Does logging out, restarting your phone, then logging back in help at all? /JE",False,True,0.5,True,9,False,multi_intent,G049,other_unclear,,False,Thank the customer for reaching out. Ask them to describe their issue in more detail so the right support team can assist.,Auto-labeled as other_unclear; message lacks sufficient intent signal.
2734600,Wait did @115888 get rid of the ability to view and make changes to your queue?!? I’m not about that,"Wait did @115888 get rid of the ability to view and make changes to your queue?!? I’m not about that @510250 Hey Ellie! Could you let us know your device's make/model, operating system, and Spotify version? We'll check things out /GU @510250 Alright. Best thing to try here is a reinstall. Just follow the steps at https://t.co/EqisDMwZAT. Let us know how it goes /GU @SpotifyCares It’s an iPhone 7, 11.1 update, not sure how to tell what version Spotify is...  but there’s no queue button in the top corner anymore https://t.co/ost5uihoRs",False,True,0.5,True,3,True,multi_intent,G050,other_unclear,,False,Thank the customer for reaching out. Ask them to describe their issue in more detail so the right support team can assist.,Auto-labeled as other_unclear; message lacks sufficient intent signal.
622843,"@SpotifyCares my Google Play Music subscription is set to renew soon, are you guys coming to Romania anytime soon or is it just a rumor?","@SpotifyCares my Google Play Music subscription is set to renew soon, are you guys coming to Romania anytime soon or is it just a rumor? @267842 Hey Andrei! We don't have any info to share right now, but we're launching in new countries as often as possible. Be sure to add your email at https://t.co/X8DVSX9QgM /NH @SpotifyCares That link doesn't work in my country. LOL! @267842 Hmm. Can you try checking out https://t.co/rUSSisWd8O instead? Let us know how it goes /NH",False,True,0.5,True,7,True,low_evidence,G051,other_unclear,,True,Thank the customer for reaching out. Ask them to describe their issue in more detail so the right support team can assist. Please escalate to a human specialist for further investigation.,Auto-labeled as other_unclear; message lacks sufficient intent signal.
639961,"When you want to listen to a single artist's album &amp; @115888 starts slipping in other artists/songs 😡who does it think it is, @129941? I buy premium Spotify specifically to avoid this! #spotify #music https://t.co/kGq4BPoLrc","When you want to listen to a single artist's album &amp; @115888 starts slipping in other artists/songs 😡who does it think it is, @129941? I buy premium Spotify specifically to avoid this! #spotify #music https://t.co/kGq4BPoLrc @271808 Hey there! That's not cool. Can you DM us your account's email address or username? We'll take a look backstage /PB https://t.co/ldFdZRiNAt @271808 Got it. Just to clarify, are you getting suggested tracks in the middle of listening to the album, or just at the end of the album? We'll be on the lookout for your reply /AL @SpotifyCares I usually play the albums on shuffle so not sure, but I've only recently started having this problem. Normally even after all the songs have shuffled through, the album just replays.",False,False,0.5,True,3,True,low_evidence,G052,other_unclear,,True,Thank the customer for reaching out. Ask them to describe their issue in more detail so the right support team can assist. Please escalate to a human specialist for further investigation.,Auto-labeled as other_unclear; message lacks sufficient intent signal.
637652,@SpotifyCares I’m unable to get my wife signed up on our family account. Getting repeated error message “opps...”. Nothing on support forum helps. I see that it is a major issue for others. Please help.,@SpotifyCares I’m unable to get my wife signed up on our family account. Getting repeated error message “opps...”. Nothing on support forum helps. I see that it is a major issue for others. Please help. @271193 Hi there! Can you send us a DM with the usernames or email addresses for your account and your wife's? We'll take a look backstage /HR https://t.co/ldFdZRiNAt,False,False,0.5,True,1,False,low_evidence,G053,other_unclear,,True,Thank the customer for reaching out. Ask them to describe their issue in more detail so the right support team can assist. Please escalate to a human specialist for further investigation.,Auto-labeled as other_unclear; message lacks sufficient intent signal.
2670119,"@115888 can you please make it so that I can save more music to my account... for real... my collection isn't even that epic... I just listen to like 34093240983 things... I'll pay for that service, additionally. #MakeItHappen 👁️👁️","@115888 can you please make it so that I can save more music to my account... for real... my collection isn't even that epic... I just listen to like 34093240983 things... I'll pay for that service, additionally. #MakeItHappen 👁️👁️ @751973 We hear you! We’d love to see your vote, and hear your feedback on this idea: https://t.co/8OOl8B2i69. In the meantime, just give us a shout if we can help you with anything else /DR",False,False,0.5,True,1,False,low_evidence,G054,other_unclear,,True,Thank the customer for reaching out. Ask them to describe their issue in more detail so the right support team can assist. Please escalate to a human specialist for further investigation.,Auto-labeled as other_unclear; message lacks sufficient intent signal.
2746363,"@115888 How come that when i´m a student at NTNU (university) here in Norway, i dont get the same discounts as the rest of the damn world?","@115888 How come that when i´m a student at NTNU (university) here in Norway, i dont get the same discounts as the rest of the damn world? @769075 Hi Kristian! If you haven't tried signing up for the student discount yet, you can do so here: https://t.co/xbU7d8wpTJ. Let us know how it goes /KA",False,False,0.5,True,1,False,low_evidence,G055,subscription_upgrade,,True,Guide through the appropriate upgrade path. For student: verify at spotify.com/student. For Hulu bundle: activate at spotify.com/hulu. For Family: invite via spotify.com/family. Check current plan at spotify.com/account. Please escalate to a human specialist for further investigation.,
2730544,Hey @115888 could you maybe stop deleting all my downloaded songs in random intervals? Much appreciated,Hey @115888 could you maybe stop deleting all my downloaded songs in random intervals? Much appreciated @765521 Hey Lukas! Could you DM us your account's email address? We'll take a look backstage and see what we can suggest /L https://t.co/ldFdZRiNAt,False,False,0.5,True,1,False,low_evidence,G056,download_offline,,True,"Ask for the device and Spotify version. Check: Premium subscription active, device storage, offline device limit (max 5 devices), and whether the toggle is enabled in Settings → Playback → Offline Mode. Please escalate to a human specialist for further investigation.",
2708569,@SpotifyCares do I need to terminate my premium membership to change to a family plan so I can get my wife on it too...I’m assuming there is a way to keep my library and playlists etc.  can you let me know what I need to do?,@SpotifyCares do I need to terminate my premium membership to change to a family plan so I can get my wife on it too...I’m assuming there is a way to keep my library and playlists etc.  can you let me know what I need to do? @760610 Hi Ben! We'd love to help. Can you DM us your account's email address? We'll see what we can suggest /DD https://t.co/ldFdZRiNAt,False,False,0.5,True,1,False,low_evidence,G057,subscription_upgrade,,True,Guide through the appropriate upgrade path. For student: verify at spotify.com/student. For Hulu bundle: activate at spotify.com/hulu. For Family: invite via spotify.com/family. Check current plan at spotify.com/account. Please escalate to a human specialist for further investigation.,
619721,when is reputation going on spotifyyyy,"when is reputation going on spotifyyyy @267085 Hey! We're afraid it boils down to licensing agreements. More info at https://t.co/MEjmIRL2eB. Don't worry, we’ll have it available to you as soon as it’s available to us. For now, check out the singles: https://t.co/3h0TnPWP0c. Tweet us back if we can help with anything else /MC",False,False,0.5,True,1,False,low_evidence,G058,playlist_content_missing,,True,"Acknowledge the missing content. Explain that content availability depends on licensing agreements. Link to spotify.com/content-policy for more information. If a playlist has disappeared, ask them to check Settings → Recover playlists. Please escalate to a human specialist for further investigation.",
2789409,"@115888 please contact me about this screen, which i see way too often. https://t.co/5Yn3nNPe7h","@115888 please contact me about this screen, which i see way too often. https://t.co/5Yn3nNPe7h @778599 @115888 Hi there! We've just sent you a bit more info over DM. We'll carry on helping out there /AU",False,False,0.5,True,1,False,low_evidence,G059,other_unclear,,True,Thank the customer for reaching out. Ask them to describe their issue in more detail so the right support team can assist. Please escalate to a human specialist for further investigation.,Auto-labeled as other_unclear; message lacks sufficient intent signal.
2807655,"@SpotifyCares charged me twice for two months now. And no, it wasnt just a ""duplicate notification"" as what you are saying in your forum cause it was debited from my account TWICE. NOW GIVE ME MY MONEY BACK","@SpotifyCares charged me twice for two months now. And no, it wasnt just a ""duplicate notification"" as what you are saying in your forum cause it was debited from my account TWICE. NOW GIVE ME MY MONEY BACK @SpotifyCares @SpotifyCares 😒 @783032 Hey Yel! Don't worry, we can help. Can you DM us your account's email address? We'll take a look under the hood /KB https://t.co/ldFdZRiNAt",False,False,0.5,True,2,False,low_evidence,G060,billing_dispute,,True,ESCALATE to billing team. Do not process refunds via Twitter. Acknowledge the charge concern and direct customer to spotify.com/account to check their plan. Request they DM account email so billing team can investigate.,
661749,.@115888 what does you app need THAT much that it needs 25% of my CPU on Windows 10.,.@115888 what does you app need THAT much that it needs 25% of my CPU on Windows 10. @277652 Hey Lance! Can you let us know what Spotify version you're running? We'll see what we can suggest /NS,False,False,0.5,True,1,False,low_evidence,G061,other_unclear,,True,Thank the customer for reaching out. Ask them to describe their issue in more detail so the right support team can assist. Please escalate to a human specialist for further investigation.,Auto-labeled as other_unclear; message lacks sufficient intent signal.
2809543,@115888 give us back the feature that played a preview of the song when you pressed on the title 😤,@115888 give us back the feature that played a preview of the song when you pressed on the title 😤 @783550 Hey! We have more info about this here: https://t.co/pXBCq8GlsI. Give us a shout if you have any questions /NQ,False,False,0.5,True,1,False,low_evidence,G062,other_unclear,,True,Thank the customer for reaching out. Ask them to describe their issue in more detail so the right support team can assist. Please escalate to a human specialist for further investigation.,Auto-labeled as other_unclear; message lacks sufficient intent signal.
2792204,@115888 Since there is no report ad function I thought it'd be appropriate to tweet you that the @107252 Yodel commercial of the woman chewing and moaning for over a minute is more like heavy ASMR porn than it is a commercial for food.,@115888 Since there is no report ad function I thought it'd be appropriate to tweet you that the @107252 Yodel commercial of the woman chewing and moaning for over a minute is more like heavy ASMR porn than it is a commercial for food. @779269 Hi there! Thanks for your feedback. We'll make sure to pass it on to the relevant folks /GT,False,False,0.5,True,1,False,low_evidence,G063,other_unclear,,True,Thank the customer for reaching out. Ask them to describe their issue in more detail so the right support team can assist. Please escalate to a human specialist for further investigation.,Auto-labeled as other_unclear; message lacks sufficient intent signal.
642106,@SpotifyCares can you put tere mere by amaal maalik on spotify,"@SpotifyCares can you put tere mere by amaal maalik on spotify @272393 Hey, we hear you! We’ll have it available to you as soon as it’s available to us https://t.co/0i8GpimuDa /TR",False,False,0.5,True,1,False,low_evidence,G064,other_unclear,,True,Thank the customer for reaching out. Ask them to describe their issue in more detail so the right support team can assist. Please escalate to a human specialist for further investigation.,Auto-labeled as other_unclear; message lacks sufficient intent signal.
632012,"@125633 hi, the Spotify for artist website isn’t letting me view my page. Is there something wrong with the site at the moment?","@125633 hi, the Spotify for artist website isn’t letting me view my page. Is there something wrong with the site at the moment? @145914 Hey Freezy! You can contact our Artist team here: https://t.co/p1wbtdELHu. If you've reached out, DM us your email address &amp; we'll chase it up /K https://t.co/ldFdZRiNAt",False,False,0.5,True,1,False,low_evidence,G065,other_unclear,,True,Thank the customer for reaching out. Ask them to describe their issue in more detail so the right support team can assist. Please escalate to a human specialist for further investigation.,Auto-labeled as other_unclear; message lacks sufficient intent signal.
656495,@115888 ever since the iPhone X came out and the updates too my Spotify randomly pauses or just skips. I went to Apple it’s not my phone so my only thought is the app... please let me know why this is doing it and how to fix it. It’s Annoying af🙃,"@115888 ever since the iPhone X came out and the updates too my Spotify randomly pauses or just skips. I went to Apple it’s not my phone so my only thought is the app... please let me know why this is doing it and how to fix it. It’s Annoying af🙃 @276197 Hey Megan! Can you let us know what iOS and Spotify versions you're running? We'll see what we can suggest /NS @SpotifyCares Spotify: version 8.4.28
iPhone: version 11.1.2 @276197 Sweet. Are you getting any specific error messages? A screenshot would come in handy /NS",False,True,0.5,True,7,True,low_evidence,G066,app_crash,audio_playback,True,"Acknowledge the app issue. Request device model, OS version, and Spotify version. Suggest updating the app and OS, reinstalling Spotify, or checking for known compatibility issues. Please escalate to a human specialist for further investigation. Additionally, regarding the secondary issue (audio_playback): Acknowledge the playback interruption. Ask for device, OS, and Spotify version. Suggest: clear cache...","Multi-intent detected: primary=app_crash, secondary=audio_playback."
654598,Hey @SpotifyCares I can’t found new single “Falsa Fada” by @29753 on @115888 #GretchenNoTVZ https://t.co/6mMoq2zFyg,"Hey @SpotifyCares I can’t found new single “Falsa Fada” by @29753 on @115888 #GretchenNoTVZ https://t.co/6mMoq2zFyg @275718 @2852 @2853 Hey there, we’ll have it available to you as soon as it’s available to us! https://t.co/0i8GpimuDa /MX",False,False,0.5,True,1,False,low_evidence,G067,other_unclear,,True,Thank the customer for reaching out. Ask them to describe their issue in more detail so the right support team can assist. Please escalate to a human specialist for further investigation.,Auto-labeled as other_unclear; message lacks sufficient intent signal.
2792136,@115888 why does your website keep timing out? Trying to update my billing info so you can get paid.,"@115888 why does your website keep timing out? Trying to update my billing info so you can get paid. @779249 Hey there! Are you getting any error messages? If so, can you send us a screenshot? We'll take a closer look /PB",False,False,0.5,True,1,False,low_evidence,G068,billing_dispute,,True,ESCALATE to billing team. Do not process refunds via Twitter. Acknowledge the charge concern and direct customer to spotify.com/account to check their plan. Request they DM account email so billing team can investigate.,
649950,"@115888, I don't have facebook anymore but your sight says I need it to log in.","@115888, I don't have facebook anymore but your sight says I need it to log in. @274520 Hi Brett! Can you DM us your email address? We'll see what we can suggest /NH https://t.co/ldFdZRiNAt",False,False,0.5,True,1,False,low_evidence,G069,account_login,,True,"Acknowledge login difficulty. Guide the customer to try password reset via spotify.com. If Facebook-linked, direct to spotify.com/us/account/set-device-password to set a standalone password. Please escalate to a human specialist for further investigation.",
2739627,@SpotifyCares @115888 WHY DOES MY MUSIC KEEP PAUSING EVERY TIME I GET A NOTIFICATION,"@SpotifyCares @115888 WHY DOES MY MUSIC KEEP PAUSING EVERY TIME I GET A NOTIFICATION @767574 Hey Katharine! Can you let us know the device, OS, and Spotify version you're using? We'll see what we can suggest /TX",True,False,0.5,True,1,False,low_evidence,G070,audio_playback,,True,"Acknowledge the playback interruption. Ask for device, OS, and Spotify version. Suggest: clear cache (Settings → Storage → Clear Cache), log out and back in, reinstall the app, or check if another device is streaming simultaneously. Please escalate to a human specialist for further investigation.",
2746318,"Hi @115888!! My Release Radar suggestions have suddenly evolved into the ""Spanish Male Duos with Cowboy Hats"" official playlist! Um, any idea why? #Gracias https://t.co/Hi281Rt1yU","Hi @115888!! My Release Radar suggestions have suddenly evolved into the ""Spanish Male Duos with Cowboy Hats"" official playlist! Um, any idea why? #Gracias https://t.co/Hi281Rt1yU @769062 Hey! Your Release Radar is based on your listening history and that of other Spotify fans with similar tastes. It gets even better the more you use Spotify /JS",False,False,0.5,True,1,False,conflicting_evidence,G071,other_unclear,,True,Thank the customer for reaching out. Ask them to describe their issue in more detail so the right support team can assist. Please escalate to a human specialist for further investigation.,Auto-labeled as other_unclear; message lacks sufficient intent signal.
656530,"Wow... I log in to Spotify for the first time in years and I get a 503 error.

GG @115888, GG.","Wow... I log in to Spotify for the first time in years and I get a 503 error.

GG @115888, GG. @276214 Hey there! Can you DM us your account's email address? We'll take a look /RB https://t.co/ldFdZRiNAt",False,False,0.5,True,1,False,conflicting_evidence,G072,other_unclear,,True,Thank the customer for reaching out. Ask them to describe their issue in more detail so the right support team can assist. Please escalate to a human specialist for further investigation.,Auto-labeled as other_unclear; message lacks sufficient intent signal.
2716521,my 2005 ipod nano has a better shuffle system than @115888,my 2005 ipod nano has a better shuffle system than @115888 @115888 @SpotifyCares @382302 Hey! We’ve recently made some improvements to our shuffle algorithm. We’d love to hear your feedback here: https://t.co/T3vZnSL3od /RC @SpotifyCares its still shite also 2016 isn't recent u mong,False,True,0.5,True,6,True,conflicting_evidence,G073,other_unclear,,True,Thank the customer for reaching out. Ask them to describe their issue in more detail so the right support team can assist. Please escalate to a human specialist for further investigation.,Auto-labeled as other_unclear; message lacks sufficient intent signal.
2753730,I cannot update my CC info to renew my account! It is timing out and I have tried for two days. Please help. @SpotifyCares #Spotify,I cannot update my CC info to renew my account! It is timing out and I have tried for two days. Please help. @SpotifyCares #Spotify @770804 Hey! Can you DM us your account's username and email address? We'll check backstage /JL https://t.co/ldFdZRiNAt,False,False,0.5,True,1,False,conflicting_evidence,G074,other_unclear,,True,Thank the customer for reaching out. Ask them to describe their issue in more detail so the right support team can assist. Please escalate to a human specialist for further investigation.,Auto-labeled as other_unclear; message lacks sufficient intent signal.
645105,"@SpotifyCares hi, hello there. I just want to know why my account subscription payment already expired in 7 days and i must pay again for premium subs?? I didnt change anything on my regular payment before, can you help me?","@SpotifyCares hi, hello there. I just want to know why my account subscription payment already expired in 7 days and i must pay again for premium subs?? I didnt change anything on my regular payment before, can you help me? @273116 Hey there, help's here! Could you DM us your account's email address and username? We'll take a look backstage /CG https://t.co/ldFdZRiNAt",False,False,0.5,True,1,False,conflicting_evidence,G075,billing_dispute,,True,ESCALATE to billing team. Do not process refunds via Twitter. Acknowledge the charge concern and direct customer to spotify.com/account to check their plan. Request they DM account email so billing team can investigate.,
2762820,"@115888 curious, why do you keep suggesting Finnish, Swedish, Norwegian &amp; German hip-hop in my ""Discover Weekly""? I skip it every time, but you keep insisting...","@115888 curious, why do you keep suggesting Finnish, Swedish, Norwegian &amp; German hip-hop in my ""Discover Weekly""? I skip it every time, but you keep insisting... @772899 Hey Jeroen! Your Discover Weekly should improve as it gets to know you. Keep adding your fav tracks to Your Library/playlists 🙂 /RS @772899 Thanks for the feedback – we appreciate it! We’ll get this passed onto the right team /RS",False,False,0.5,True,2,True,conflicting_evidence,G076,other_unclear,,True,Thank the customer for reaching out. Ask them to describe their issue in more detail so the right support team can assist. Please escalate to a human specialist for further investigation.,Auto-labeled as other_unclear; message lacks sufficient intent signal.
997201,Can I unsubscribe my current subscription to subscribe to that better promo? Loool @115888 https://t.co/udYNtlIxSs,Can I unsubscribe my current subscription to subscribe to that better promo? Loool @115888 https://t.co/udYNtlIxSs @356135 Hi Vince! We're afraid the Intro Offer is available to those who haven't had Premium before. Hope this helped clear things up. Give us a shout if you have other questions 😉 /GT,False,False,0.5,True,1,False,conflicting_evidence,G077,subscription_upgrade,,True,Guide through the appropriate upgrade path. For student: verify at spotify.com/student. For Hulu bundle: activate at spotify.com/hulu. For Family: invite via spotify.com/family. Check current plan at spotify.com/account. Please escalate to a human specialist for further investigation.,
2728368,"hello @SpotifyCares how to find out my spotify username?
my URL profile is https://t.co/liKHiDLGGg","hello @SpotifyCares how to find out my spotify username?
my URL profile is https://t.co/liKHiDLGGg @765007 Hey Deang! Since you created your account through Facebook, you were automatically given the username ""21t2d2vah55oyy6uk4s43jdoy"". Hope this clears things up /JP @SpotifyCares Can I/Spotify change it with more readable username? Hopefully i can change it,
By the way my name is Daeng not Deang (: @765007 Sorry for the confusion. We're afraid it's not possible to create your own username, but your followers and friends are seeing your Facebook name anywhere in the app /JP",False,True,0.5,True,5,False,conflicting_evidence,G078,other_unclear,,True,Thank the customer for reaching out. Ask them to describe their issue in more detail so the right support team can assist. Please escalate to a human specialist for further investigation.,Auto-labeled as other_unclear; message lacks sufficient intent signal.
629903,@125633 hi why is your support team constantly ignoring my emails?,@125633 hi why is your support team constantly ignoring my emails? @269243 Hey! Can you DM us the email address you used to contact the Artist team? We'll chase this up /K https://t.co/ldFdZRiNAt,False,False,0.5,True,1,False,conflicting_evidence,G079,other_unclear,,True,Thank the customer for reaching out. Ask them to describe their issue in more detail so the right support team can assist. Please escalate to a human specialist for further investigation.,Auto-labeled as other_unclear; message lacks sufficient intent signal.
2795559,@SpotifyCares I’m having trouble logging in on the Spotify app on my computer. Any way you can help?,"@SpotifyCares I’m having trouble logging in on the Spotify app on my computer. Any way you can help? @193682 Hey Paul, help's arrived! Could you DM us your email address and username? We'll check it out 🔍 /JZ https://t.co/ldFdZR1cbT",False,False,0.5,True,1,False,conflicting_evidence,G080,other_unclear,,True,Thank the customer for reaching out. Ask them to describe their issue in more detail so the right support team can assist. Please escalate to a human specialist for further investigation.,Auto-labeled as other_unclear; message lacks sufficient intent signal.
483954,@117153 unfortunately my Spotify doesn't even open when I want to start the app on my Samsung Galaxy S7 Edge. It's VERY annoying since I pay the premium account and I can't use it. Please help and answer me what can I do???,@117153 unfortunately my Spotify doesn't even open when I want to start the app on my Samsung Galaxy S7 Edge. It's VERY annoying since I pay the premium account and I can't use it. Please help and answer me what can I do??? @230134 Hey Max1 We've just sent a DM your way. Let's carry on chatting there /QI,False,False,0.5,True,1,False,escalation,G081,other_unclear,,False,Thank the customer for reaching out. Ask them to describe their issue in more detail so the right support team can assist.,Auto-labeled as other_unclear; message lacks sufficient intent signal.
2795574,"Um hi @SpotifyCares, is there a reason I’ve received 3 ads on my premium account?  Thanks! https://t.co/kwdaKxCZ2y","Um hi @SpotifyCares, is there a reason I’ve received 3 ads on my premium account?  Thanks! https://t.co/kwdaKxCZ2y @780100 Hey Stefan, we're here to help! Could you DM us your account's username and email address? We'll check backstage for you /BX https://t.co/ldFdZR1cbT",False,False,0.5,True,1,False,escalation,G082,other_unclear,,False,Thank the customer for reaching out. Ask them to describe their issue in more detail so the right support team can assist.,Auto-labeled as other_unclear; message lacks sufficient intent signal.
122827,"@SpotifyCares forgot my e-mail, my user name and my password. I have a trial for 1 month and i’m not sure if I have cancelled my trial. The only thing I know is my pay method and my bank account number. I really hope you can help me. 😅","@SpotifyCares forgot my e-mail, my user name and my password. I have a trial for 1 month and i’m not sure if I have cancelled my trial. The only thing I know is my pay method and my bank account number. I really hope you can help me. 😅 @143411 Hey Daniel, the cavalry's here! Can you send us a DM with any possible emails and usernames you might have? We'll do some digging /TI https://t.co/ldFdZRiNAt",False,False,0.5,True,1,True,escalation,G083,other_unclear,,False,Thank the customer for reaching out. Ask them to describe their issue in more detail so the right support team can assist.,Auto-labeled as other_unclear; message lacks sufficient intent signal.
163727,@SpotifyCares I signed up for a student account but I was charged $9.99,"@SpotifyCares I signed up for a student account but I was charged $9.99 @153878 Hi Hailey, help's here! Can you DM us with your account's username and email address? We'll check it out backstage /WW https://t.co/ldFdZRiNAt",False,False,0.5,True,1,False,escalation,G084,billing_dispute,subscription_upgrade,True,"ESCALATE to billing team. Do not process refunds via Twitter. Acknowledge the charge concern and direct customer to spotify.com/account to check their plan. Request they DM account email so billing team can investigate. Additionally, regarding the secondary issue (subscription_upgrade): Guide through the appropriate upgrade path. For student: verify at spotify.com/student. For Hulu bun...","Multi-intent detected: primary=billing_dispute, secondary=subscription_upgrade."
2868819,"@115888 I need your help, i have a problem with my account.","@115888 I need your help, i have a problem with my account. @796693 Hey Ciuck! What's happening exactly? Can you DM us your account's email address? We'd love to lend a hand 🙂 /KC https://t.co/ldFdZRiNAt",False,False,0.5,True,1,False,escalation,G085,other_unclear,,False,Thank the customer for reaching out. Ask them to describe their issue in more detail so the right support team can assist.,Auto-labeled as other_unclear; message lacks sufficient intent signal.
160551,Thanks @115888 for secretly canceling my student subscription and replacing it with a premium subscription even though I'm still a student. I got some change in my pocket if you want to screw me out of some more money,Thanks @115888 for secretly canceling my student subscription and replacing it with a premium subscription even though I'm still a student. I got some change in my pocket if you want to screw me out of some more money @152987 Hey there! Could you DM us your account's username and email address? We'll take a look backstage /DF https://t.co/ldFdZRiNAt,False,False,0.5,True,1,False,escalation,G086,subscription_upgrade,,False,Guide through the appropriate upgrade path. For student: verify at spotify.com/student. For Hulu bundle: activate at spotify.com/hulu. For Family: invite via spotify.com/family. Check current plan at spotify.com/account.,
1996644,my spotify premium acc got hacked very nice,my spotify premium acc got hacked very nice @590396 Hey there! That's not right. Can you DM us your account's username or email address? We'll take a look backstage /TC https://t.co/ldFdZRiNAt,False,False,0.5,True,1,False,escalation,G087,account_security,,True,ESCALATE IMMEDIATELY. Do not provide account-level troubleshooting. Route to Account Security team who can freeze the account and verify ownership. Do not confirm account details publicly.,
507421,@SpotifyCares I paid for the year $99 option that I was emailed today and it still says I'm paying monthly. Will my monthly be cancelled? https://t.co/Bd3KJJUvT6,"@SpotifyCares I paid for the year $99 option that I was emailed today and it still says I'm paying monthly. Will my monthly be cancelled? https://t.co/Bd3KJJUvT6 @236477 Hey there, we've just sent you a DM 🙂 /VK",False,False,0.5,True,1,False,escalation,G088,other_unclear,,False,Thank the customer for reaching out. Ask them to describe their issue in more detail so the right support team can assist.,Auto-labeled as other_unclear; message lacks sufficient intent signal.
700386,@SpotifyCares why have I been charged on my latest phone bill for your premium service when my account says I'm on a basic account??? I'd like a refund please 👍,"@SpotifyCares why have I been charged on my latest phone bill for your premium service when my account says I'm on a basic account??? I'd like a refund please 👍 @287144 Hey Heather, help's here! Could you DM us your account's email address and username? We'll take a look backstage /CG https://t.co/ldFdZRiNAt",False,False,0.5,True,1,False,escalation,G089,subscription_refund,billing_dispute,True,"ESCALATE to billing team. Acknowledge the refund request. Direct customer to spotify.com/account/subscription for cancellation confirmation. Refund eligibility and processing must be handled internally — cannot be confirmed via Twitter. Additionally, regarding the secondary issue (billing_dispute): ESCALATE to billing team. Do not process refunds via Twitter. Acknowledge the charge concern and dir...","Multi-intent detected: primary=subscription_refund, secondary=billing_dispute."
455630,"@SpotifyCares @115888, How do I update my profile picture on my artist account page? Also, my album &amp; song titles aren’t displayed as I submitted them, how can I correct that? @27526 hasn’t been any help (their distribution service). Shoulda used @159550. #help 🤦‍♂️","@SpotifyCares @115888, How do I update my profile picture on my artist account page? Also, my album &amp; song titles aren’t displayed as I submitted them, how can I correct that? @27526 hasn’t been any help (their distribution service). Shoulda used @159550. #help 🤦‍♂️ @144545 Hey! You can contact our Artist team here: https://t.co/41wf7ozbVm. If you've reached out, DM us your email address &amp; we'll chase it up /TF",False,False,0.5,True,1,False,escalation,G090,other_unclear,,False,Thank the customer for reaching out. Ask them to describe their issue in more detail so the right support team can assist.,Auto-labeled as other_unclear; message lacks sufficient intent signal.
1384526,@SpotifyCares hey there. I see you're offering premium for 99 cents for 3 months. Can you apply that to my current premium account?,@SpotifyCares hey there. I see you're offering premium for 99 cents for 3 months. Can you apply that to my current premium account? @442190 Hi Sebastian! Could you DM us your account's email address? We'll take a look backstage /AU https://t.co/ldFdZRiNAt,False,False,0.5,True,1,False,escalation,G091,other_unclear,,False,Thank the customer for reaching out. Ask them to describe their issue in more detail so the right support team can assist.,Auto-labeled as other_unclear; message lacks sufficient intent signal.
2943789,"@SpotifyCares I upgraded to Premium for 9,99€/3months this morning. As this new status wasn’t showing up in my account details, I disconnected the APP in order to refresh it. It’s not logging me in since then. Neither via Facebook nor via user/pass. Could you look into it? https://t.co/nnxjS1zJf0","@SpotifyCares I upgraded to Premium for 9,99€/3months this morning. As this new status wasn’t showing up in my account details, I disconnected the APP in order to refresh it. It’s not logging me in since then. Neither via Facebook nor via user/pass. Could you look into it? https://t.co/nnxjS1zJf0 @SpotifyCares Device: iPhone 5s
iOS: latest 11.1.2 @813239 Hi Lazarus, thanks for the screenshots! Can you also DM us your account's email address? We'll figure out what's going on backstage /RR https://t.co/ldFdZRiNAt",False,False,0.5,True,2,False,escalation,G092,subscription_upgrade,,False,Guide through the appropriate upgrade path. For student: verify at spotify.com/student. For Hulu bundle: activate at spotify.com/hulu. For Family: invite via spotify.com/family. Check current plan at spotify.com/account.,
2908677,@115888 can you please implement a block feature? I had to delete my account and lose all my music bec my ex is still creeping after way over a year and a half 🙄,"@115888 can you please implement a block feature? I had to delete my account and lose all my music bec my ex is still creeping after way over a year and a half 🙄 @805340 Hi Laura! We're sorry to hear that. Don't worry. We'll let our devs know this is something you'd like to see. If you have other questions, give us a shout /DV @SpotifyCares Omg you’re awesome thank you 😍🎉🙏🏼 @805340 You're welcome! https://t.co/Tm8b6ev8iu /RB",False,False,0.5,True,3,False,escalation,G093,other_unclear,,False,Thank the customer for reaching out. Ask them to describe their issue in more detail so the right support team can assist.,Auto-labeled as other_unclear; message lacks sufficient intent signal.
605292,@SpotifyCares @116130 is your system down? i’ve been moved to a free account and i can’t access the account page to check my bank details or anything ?,"@SpotifyCares @116130 is your system down? i’ve been moved to a free account and i can’t access the account page to check my bank details or anything ? @SpotifyCares @116130 wow wtf where’s my account gone, paying money to listen to an ad 😪 @263866 Hi! We've just sent you a DM 🙂 /GK",False,False,0.5,True,2,False,escalation,G094,other_unclear,,False,Thank the customer for reaching out. Ask them to describe their issue in more detail so the right support team can assist.,Auto-labeled as other_unclear; message lacks sufficient intent signal.
611458,"@151631 Hi there! Need some help over here. I paid for the 1-year premium subscription, but then realized I could not add any family members to my account and ended up purchasing the family plan. Any ideas on how to get a refund for the 1-year sub?","@151631 Hi there! Need some help over here. I paid for the 1-year premium subscription, but then realized I could not add any family members to my account and ended up purchasing the family plan. Any ideas on how to get a refund for the 1-year sub? @265386 Hey Javier! I'm afraid I can't help with refunds, but the folks over at @SpotifyCares can! Shoot them a message and they'll be able to help sort this out 🙂 @151631 @SpotifyCares Thanks! I already got in touch with them and had the whole thing cleared up. @265386 You're welcome! If you need us again, you know where to find us. Keep on rocking and https://t.co/mJs5KObHO4 🎶 /RC",False,True,0.5,True,3,False,escalation,G095,subscription_refund,subscription_upgrade,True,"ESCALATE to billing team. Acknowledge the refund request. Direct customer to spotify.com/account/subscription for cancellation confirmation. Refund eligibility and processing must be handled internally — cannot be confirmed via Twitter. Additionally, regarding the secondary issue (subscription_upgrade): Guide through the appropriate upgrade path. For student: verify at spotify.com/student. For Hulu bun...","Multi-intent detected: primary=subscription_refund, secondary=subscription_upgrade."
997203,"@SpotifyCares linked facebook to a second spotify account, now lost my original premium account(signed up via fb) and all my music, pls help","@SpotifyCares linked facebook to a second spotify account, now lost my original premium account(signed up via fb) and all my music, pls help @356136 Hey there, help's here! Can you DM us the email addresses and usernames to your accounts? We'll check things out backstage 🔍 /TX https://t.co/ldFdZRiNAt",False,False,0.5,True,1,False,escalation,G096,other_unclear,,False,Thank the customer for reaching out. Ask them to describe their issue in more detail so the right support team can assist.,Auto-labeled as other_unclear; message lacks sufficient intent signal.
2779491,@SpotifyCares My Hulu and Spotify account are unable to link up. Hulu states it cannot confirm my student account and Hulu says they cannot help. Help please!,"@SpotifyCares My Hulu and Spotify account are unable to link up. Hulu states it cannot confirm my student account and Hulu says they cannot help. Help please! @776360 Hey Tina! Can you send us a screenshot of what you're seeing? Also, can you DM us your account's email address? We'll take a look backstage /SJ https://t.co/ldFdZRiNAt",False,False,0.5,True,1,False,escalation,G097,subscription_upgrade,,False,Guide through the appropriate upgrade path. For student: verify at spotify.com/student. For Hulu bundle: activate at spotify.com/hulu. For Family: invite via spotify.com/family. Check current plan at spotify.com/account.,
466037,"@SpotifyCares  i can’t sign in to my spotify account because i forgot my password and when i try to change it, it says to change facebook password first and so i did, still not letting me change it","@SpotifyCares  i can’t sign in to my spotify account because i forgot my password and when i try to change it, it says to change facebook password first and so i did, still not letting me change it @225879 Hey Adam! Could you send us a DM with your account's email address or username? We'll take a look backstage /LO https://t.co/ldFdZRiNAt",False,False,0.5,True,1,False,escalation,G098,other_unclear,,False,Thank the customer for reaching out. Ask them to describe their issue in more detail so the right support team can assist.,Auto-labeled as other_unclear; message lacks sufficient intent signal.
2282045,@SpotifyCares hello I just signed up for you student account and my card was double charged the $4.99. What can be done.,"@SpotifyCares hello I just signed up for you student account and my card was double charged the $4.99. What can be done. @663308 Hey, help's arrived! We've just replied to your DM. Let's carry on chatting there /DV",False,False,0.5,True,1,False,escalation,G099,billing_dispute,subscription_upgrade,True,"ESCALATE to billing team. Do not process refunds via Twitter. Acknowledge the charge concern and direct customer to spotify.com/account to check their plan. Request they DM account email so billing team can investigate. Additionally, regarding the secondary issue (subscription_upgrade): Guide through the appropriate upgrade path. For student: verify at spotify.com/student. For Hulu bun...","Multi-intent detected: primary=billing_dispute, secondary=subscription_upgrade."
2883728,"@SpotifyCares 
I want to know if you guys charge for the month past or coming month ??? Please answer me!!","@SpotifyCares 
I want to know if you guys charge for the month past or coming month ??? Please answer me!! @799989 Hi! We've sent a DM your way. If you could check your inbox, that'd be great /AY",False,False,0.5,True,1,False,escalation,G100,billing_dispute,,True,ESCALATE to billing team. Do not process refunds via Twitter. Acknowledge the charge concern and direct customer to spotify.com/account to check their plan. Request they DM account email so billing team can investigate.,
602845,@SpotifyCares when i try to launch it says cannot find 'api-ms-win-core-processthreads-l1-1-2.ddl' please re-install this application. I re-installed and it still displays the error when i launch,"@SpotifyCares when i try to launch it says cannot find 'api-ms-win-core-processthreads-l1-1-2.ddl' please re-install this application. I re-installed and it still displays the error when i launch @263159 Hi, help's here! Can you let us know your desktop's operating system version? We'll see what we can suggest /DV",False,False,0.5,True,1,False,fresh,G101,other_unclear,,False,Thank the customer for reaching out. Ask them to describe their issue in more detail so the right support team can assist.,Auto-labeled as other_unclear; message lacks sufficient intent signal.
574251,"@SpotifyCares @1123 doesn't offer the @9743 and @115888 behing the lyrics option. How can I opt in to get my lyrics from Genius on my Spotify music, myself?","@SpotifyCares @1123 doesn't offer the @9743 and @115888 behing the lyrics option. How can I opt in to get my lyrics from Genius on my Spotify music, myself? @255061 Our friends in Artist Support are the right folks to help with this. You can get in touch with them here: https://t.co/41wf7ozbVm /NQ @SpotifyCares Thank you. I greatly appreciate it. I reached out to them. @255061 No worries! If anything else comes up, we're just a tweet away 🙂 /NJ",False,False,0.5,True,3,False,fresh,G102,other_unclear,,False,Thank the customer for reaching out. Ask them to describe their issue in more detail so the right support team can assist.,Auto-labeled as other_unclear; message lacks sufficient intent signal.
574286,Why are you charging me more?! @SpotifyCares,Why are you charging me more?! @SpotifyCares @255074 Hey! The cavalry's here. Can you DM us your account's username or email address? We'll take a look under the hood /JS https://t.co/ldFdZRiNAt,False,False,0.5,True,1,False,fresh,G103,billing_dispute,,True,ESCALATE to billing team. Do not process refunds via Twitter. Acknowledge the charge concern and direct customer to spotify.com/account to check their plan. Request they DM account email so billing team can investigate.,
603583,"@SpotifyCares hi there, I'm using google assistant to play my spotify. when I ask it to shuffle a playlist, google finds the correct playlist and acknowledges the command to shuffle, but spotify then plays the list unshuffled. Any fix for this?","@SpotifyCares hi there, I'm using google assistant to play my spotify. when I ask it to shuffle a playlist, google finds the correct playlist and acknowledges the command to shuffle, but spotify then plays the list unshuffled. Any fix for this? @263419 Hey there! Could you tell us what device/OS you're using? Keep us posted /DF",False,False,0.5,True,1,False,fresh,G104,playlist_content_missing,,False,"Acknowledge the missing content. Explain that content availability depends on licensing agreements. Link to spotify.com/content-policy for more information. If a playlist has disappeared, ask them to check Settings → Recover playlists.",
590129,"@115888 your app just offered me a year of premium for $99. Clicking the link brings me this page that repeats the offer, but gives no way to buy. Help? https://t.co/Xh0kg167jJ","@115888 your app just offered me a year of premium for $99. Clicking the link brings me this page that repeats the offer, but gives no way to buy. Help? https://t.co/Xh0kg167jJ @259548 Hey there! Help's here. Can you try this link instead: https://t.co/qd7DcBQ2ie? Let us know how it goes /PB",False,False,0.5,True,1,False,fresh,G105,other_unclear,,False,Thank the customer for reaching out. Ask them to describe their issue in more detail so the right support team can assist.,Auto-labeled as other_unclear; message lacks sufficient intent signal.
581523,"@SpotifyCares Hello ! It's possible to migrate all account (subscription, followings/followers and all playlists) to another account ? I want to change the username of my account :)","@SpotifyCares Hello ! It's possible to migrate all account (subscription, followings/followers and all playlists) to another account ? I want to change the username of my account :) @257042 Hey there! Could you DM us your account's email address or username? We'll see what we can suggest 🙂 /JA https://t.co/ldFdZRiNAt",False,False,0.5,True,1,False,fresh,G106,other_unclear,,False,Thank the customer for reaching out. Ask them to describe their issue in more detail so the right support team can assist.,Auto-labeled as other_unclear; message lacks sufficient intent signal.
583086,"Is there any way to search public and my personal playlists for a particular track, @115888 @SpotifyCares - or am I just being dense? I can search the whole of Spotify, but sometimes I just want to search a particular list and cant! 🙄 Hope you can help. Thanks in advance.","Is there any way to search public and my personal playlists for a particular track, @115888 @SpotifyCares - or am I just being dense? I can search the whole of Spotify, but sometimes I just want to search a particular list and cant! 🙄 Hope you can help. Thanks in advance. @115888 @SpotifyCares If it doesn't exist, please may I ask for this to be developed asap? It'd make life so much easier than being given a global search result. @257505 Hey! We're afraid that's not possible at the moment, but we'll definitely pass the suggestion on to the right team /RC",False,False,0.5,True,2,False,fresh,G107,other_unclear,,False,Thank the customer for reaching out. Ask them to describe their issue in more detail so the right support team can assist.,Auto-labeled as other_unclear; message lacks sufficient intent signal.
581521,"@115888 my account has been hacked, what should I do? sent an email and also FB chat but no one is responding","@115888 my account has been hacked, what should I do? sent an email and also FB chat but no one is responding @257041 Hey Paul! We've just sent a DM your way. Let's carry on chatting there /JA",False,False,0.5,True,1,False,fresh,G108,account_security,,True,ESCALATE IMMEDIATELY. Do not provide account-level troubleshooting. Route to Account Security team who can freeze the account and verify ownership. Do not confirm account details publicly.,
574720,@115888 hey guys could you get #Hellveto split with galeón?,"@115888 hey guys could you get #Hellveto split with galeón? @255194 Hey! Fingers crossed we'll be able to have it soon, but there's info about Spotify content here: https://t.co/1dgftcFtzc /TC",False,False,0.5,True,1,False,fresh,G109,other_unclear,,False,Thank the customer for reaching out. Ask them to describe their issue in more detail so the right support team can assist.,Auto-labeled as other_unclear; message lacks sufficient intent signal.
601860,@SpotifyCares are you guys going to fix the notoriously bad Roku TV app? It is literally unusable.,@SpotifyCares are you guys going to fix the notoriously bad Roku TV app? It is literally unusable. @262832 Hi Allen! We have some info about the Spotify app on Roku here: https://t.co/1nqkZkn6JX. Give us a shout if there's anything else /DV,False,False,0.5,True,1,False,fresh,G110,other_unclear,,False,Thank the customer for reaching out. Ask them to describe their issue in more detail so the right support team can assist.,Auto-labeled as other_unclear; message lacks sufficient intent signal.
113808,"@SpotifyCares You *REALLY* need to finally, actually, DO something about the 10,000 song limit in users' libraries. Especially for a service that prides itself on helping discovery of new tracks.","@SpotifyCares You *REALLY* need to finally, actually, DO something about the 10,000 song limit in users' libraries. Especially for a service that prides itself on helping discovery of new tracks. @141278 Hey there, we hear you! We’d love to see your vote, and hear your feedback on this idea: https://t.co/8OOl8B2i69 /TB @141278 We understand. Rest assured we're constantly looking for ways to improve. We'll be sure to pass your feedback on to the right folks /TB @SpotifyCares Thanks. Nothing against the support personnel. But the 10k limit is ridiculous, esp. given your competitions' far more generous limits, coupled with the (otherwise excellent) ""discovery"" aspect of Spotify.",False,False,0.5,True,4,True,normal,G111,other_unclear,,False,Thank the customer for reaching out. Ask them to describe their issue in more detail so the right support team can assist.,Auto-labeled as other_unclear; message lacks sufficient intent signal.
2466918,"@SpotifyCares Why doesn't your link to change country work?
Will I need to definitively cancel the subscription rather than take the family package?","@SpotifyCares Why doesn't your link to change country work?
Will I need to definitively cancel the subscription rather than take the family package? @705876 Hey Tiago! Help's arrived. Could you DM us your account's username or email address? We'll check and see what we can suggest /LP https://t.co/ldFdZRiNAt",False,False,0.5,True,1,False,normal,G112,other_unclear,,False,Thank the customer for reaching out. Ask them to describe their issue in more detail so the right support team can assist.,Auto-labeled as other_unclear; message lacks sufficient intent signal.
44294,@SpotifyCares my wife invited me to family premium. Where do I input the invite code to accept the invitation?,"@SpotifyCares my wife invited me to family premium. Where do I input the invite code to accept the invitation? @125846 Hey Steven! Don't worry, help's here. Can you DM us your account's email address or username? We'll take a look backstage /MT",False,False,0.5,True,1,False,normal,G113,other_unclear,,False,Thank the customer for reaching out. Ask them to describe their issue in more detail so the right support team can assist.,Auto-labeled as other_unclear; message lacks sufficient intent signal.
450885,@SpotifyCares WHAT IS THIS,"@SpotifyCares WHAT IS THIS @221908 Hey there, help's here! Could you DM us exactly what's happening? We'll see what we can suggest /CG https://t.co/ldFdZRiNAt",True,False,0.5,True,1,False,normal,G114,other_unclear,,False,Thank the customer for reaching out. Ask them to describe their issue in more detail so the right support team can assist.,Auto-labeled as other_unclear; message lacks sufficient intent signal.
2749494,@SpotifyCares,@SpotifyCares @769814 Hi there! We've just sent a DM your way. Let's carry on chatting there /FR,True,False,0.5,True,1,False,normal,G115,other_unclear,,False,Thank the customer for reaching out. Ask them to describe their issue in more detail so the right support team can assist.,Auto-labeled as other_unclear; message lacks sufficient intent signal.
2836360,Dear @115888 I just want to know when can I find @133324 Agust D and RM songs? https://t.co/sSujOn4DDN,Dear @115888 I just want to know when can I find @133324 Agust D and RM songs? https://t.co/sSujOn4DDN @789469 Hey there! Can you let us know the country what country your account is set to? We'll see what we can find /JP,False,False,0.5,True,1,False,normal,G116,other_unclear,,False,Thank the customer for reaching out. Ask them to describe their issue in more detail so the right support team can assist.,Auto-labeled as other_unclear; message lacks sufficient intent signal.
142181,"@115888 Sorry,I am in the 1 month free trial period. Is there anyway I can benefit from this offer?","@115888 Sorry,I am in the 1 month free trial period. Is there anyway I can benefit from this offer? @148083 Hey there! We've responded to your DM. Let's continue our conversation there 🙂 /DN",False,False,0.5,True,1,False,normal,G117,other_unclear,,False,Thank the customer for reaching out. Ask them to describe their issue in more detail so the right support team can assist.,Auto-labeled as other_unclear; message lacks sufficient intent signal.
2859037,"@SpotifyCares Been trying to add my wife to family account but she’s getting message about being abroad for 14 days !! Downloaded app onto phone, whilst we were in Spain in September.","@SpotifyCares Been trying to add my wife to family account but she’s getting message about being abroad for 14 days !! Downloaded app onto phone, whilst we were in Spain in September. @794523 Hey Chris! Can you DM us your account's username and email address? We'll also need the same for your wife's account /JL https://t.co/ldFdZRiNAt",False,False,0.5,True,1,False,normal,G118,download_offline,,False,"Ask for the device and Spotify version. Check: Premium subscription active, device storage, offline device limit (max 5 devices), and whether the toggle is enabled in Settings → Playback → Offline Mode.",
2950145,@115888 hey why everytime i receive a snapchat does my music pause???????????????????????,"@115888 hey why everytime i receive a snapchat does my music pause??????????????????????? @814722 Hey there. That's not cool. Is this happening when you receive a notification or when you open a new Snapchat? Does it pause the music temporarily or fully pause the song? We'll keep an eye out for your reply /LJ @SpotifyCares Everytime i receive and open snapchat. Is happening to some of my friends too! @814722 Hmm, that's odd. Can you let us know the device, OS, and Spotify version you're using? We'll see what we can suggest /JI",False,True,0.5,True,5,True,normal,G119,audio_playback,,False,"Acknowledge the playback interruption. Ask for device, OS, and Spotify version. Suggest: clear cache (Settings → Storage → Clear Cache), log out and back in, reinstall the app, or check if another device is streaming simultaneously.",
659584,"@SpotifyCares Help! I am unable to login and I receive no email with a password reset. Have had an account for... 5+ years?! On autopay, no emails about changes, no info.","@SpotifyCares Help! I am unable to login and I receive no email with a password reset. Have had an account for... 5+ years?! On autopay, no emails about changes, no info. @277065 Hey there! Can you DM us your account's email address and username? We'll take a look backstage /AL https://t.co/ldFdZRiNAt",False,False,0.5,True,1,False,normal,G120,other_unclear,,False,Thank the customer for reaching out. Ask them to describe their issue in more detail so the right support team can assist.,Auto-labeled as other_unclear; message lacks sufficient intent signal.
2825200,"@115888 @117168 I need an explanation for ""stranger things mode"" please 😁😂 https://t.co/PbjE5MVlfg","@115888 @117168 I need an explanation for ""stranger things mode"" please 😁😂 https://t.co/PbjE5MVlfg @787067 Hey. This feature is in partnership with Netflix to promote the latest season of Stranger Things. This will change the look of your app while playing any Stranger Things playlist curated by Spotify. Hope you like it! /AY @SpotifyCares Ahh good to know thanks 😁 @787067 No worries. Give us a shout if you have other questions. Have a... https://t.co/FQulrDtFky 🙂 /AY",False,False,0.5,True,3,False,normal,G121,other_unclear,,False,Thank the customer for reaching out. Ask them to describe their issue in more detail so the right support team can assist.,Auto-labeled as other_unclear; message lacks sufficient intent signal.
2725155,"""She's Gone"" by Steelheart is not available anymore wtf? 😩😤 @115888 https://t.co/EvvFavdLK5","""She's Gone"" by Steelheart is not available anymore wtf? 😩😤 @115888 https://t.co/EvvFavdLK5 @764289 Hey! Fingers crossed we'll be able to have it again soon, but there's info about Spotify content here: https://t.co/0i8GpimuDa /BD",False,False,0.5,True,1,False,normal,G122,playlist_content_missing,,False,"Acknowledge the missing content. Explain that content availability depends on licensing agreements. Link to spotify.com/content-policy for more information. If a playlist has disappeared, ask them to check Settings → Recover playlists.",
100174,@115888 I have a free account. I want to upgrade via the 3 month offer. But it’s not possible to do this via Spotify on my iPhone. Grrr!,"@115888 I have a free account. I want to upgrade via the 3 month offer. But it’s not possible to do this via Spotify on my iPhone. Grrr! @137956 Hey, help's arrived! Could you shoot us a DM with your username and email address? We'll check it out 🔍 /JY https://t.co/ldFdZRiNAt",False,False,0.5,True,1,False,normal,G123,other_unclear,,False,Thank the customer for reaching out. Ask them to describe their issue in more detail so the right support team can assist.,Auto-labeled as other_unclear; message lacks sufficient intent signal.
448852,"@115888 guys, is their any important reason why so many people can’t use Spotify? Come on guys... plz do reconsider.","@115888 guys, is their any important reason why so many people can’t use Spotify? Come on guys... plz do reconsider. @221342 Hey there! That's not cool. Are you unable to use the app right now? Let us know what's happening exactly, and we'll see what we can suggest /QI @SpotifyCares I’m not from US/UK. Is there any way you can help now? @221342 Got it. If you could tell us what country you're currently in, we'll see what we can suggest /AN",False,True,0.5,True,7,False,normal,G124,other_unclear,,False,Thank the customer for reaching out. Ask them to describe their issue in more detail so the right support team can assist.,Auto-labeled as other_unclear; message lacks sufficient intent signal.
142164,@SpotifyCares please for the love of god fix the issue with downloads being deleted.,"@SpotifyCares please for the love of god fix the issue with downloads being deleted. @148078 Hey, we understand how you feel about it. Just to check, is this happening with your downloaded albums or even to your offline playlists? /AY @SpotifyCares I don’t make any offline playlists so it’s just happening to my downloaded albums. Happens every week or so. @148078 Got it! Could you check out the steps under “Downloads unexpectedly removed” at https://t.co/38J7tFlIBF? Let us know how it goes /ZO https://t.co/ldFdZRiNAt",False,False,0.5,True,3,False,normal,G125,download_offline,,False,"Ask for the device and Spotify version. Check: Premium subscription active, device storage, offline device limit (max 5 devices), and whether the toggle is enabled in Settings → Playback → Offline Mode.",
2835016,@SpotifyCares i am confused. Does Spotify still do spotify connect to the selected Denon devices?,"@SpotifyCares i am confused. Does Spotify still do spotify connect to the selected Denon devices? @789141 Hey there! As we look to improve the overall Spotify experience, we are removing the app's integration from Denon devices. There's more info here: https://t.co/bEYguupnkR /JP",False,False,0.5,True,1,True,normal,G126,other_unclear,,False,Thank the customer for reaching out. Ask them to describe their issue in more detail so the right support team can assist.,Auto-labeled as other_unclear; message lacks sufficient intent signal.
2920779,@115888 is the only app in my phone that isn’t working right now and all I wanna do is listen to some @40538,@115888 is the only app in my phone that isn’t working right now and all I wanna do is listen to some @40538 @808375 Hey there! Everything should be running smoothly now. Let us know if you're still getting issues /GS,False,False,0.5,True,1,False,normal,G127,other_unclear,,False,Thank the customer for reaching out. Ask them to describe their issue in more detail so the right support team can assist.,Auto-labeled as other_unclear; message lacks sufficient intent signal.
70717,@115888 WHY WONT YOU LET ME LOG INTO THE APP. I HAVE WIFI. WORST WALK OF MY LIFE 😭😭😭 P.S. WHY WAS I LOGGED OUT IN THE FIRST PLACE????!!!!,@115888 WHY WONT YOU LET ME LOG INTO THE APP. I HAVE WIFI. WORST WALK OF MY LIFE 😭😭😭 P.S. WHY WAS I LOGGED OUT IN THE FIRST PLACE????!!!! @131862 Hey Amy! We're here to help. Can you DM us your account's email address or username? We'll see what we can suggest /KM https://t.co/ldFdZRiNAt,True,False,0.5,True,1,False,normal,G128,other_unclear,,False,Thank the customer for reaching out. Ask them to describe their issue in more detail so the right support team can assist.,Auto-labeled as other_unclear; message lacks sufficient intent signal.
2830228,"Hey @SpotifyCares, has anybody reported how frustrating the app is to use on CarPlay? Constantly freezes when first plugging in and required a disconnect and force close of the app then connecting the phone again.","Hey @SpotifyCares, has anybody reported how frustrating the app is to use on CarPlay? Constantly freezes when first plugging in and required a disconnect and force close of the app then connecting the phone again. @771963 Hey! Help's here. Can you let us know the device and OS you’re using? /BD @SpotifyCares iPhone 7 Plus and iOS 11.1.2 but I've had issues dating back to iOS 10 @771963 Thanks. Can you DM us your account's email address? We'll take a look backstage /BD https://t.co/ldFdZRiNAt",False,True,0.5,True,5,False,normal,G129,app_crash,,False,"Acknowledge the app issue. Request device model, OS version, and Spotify version. Suggest updating the app and OS, reinstalling Spotify, or checking for known compatibility issues.",
118913,"@SpotifyCares why wont the Spotify app on my phone play the local files I just synced to my new iPhone X?
They worked on my last phone just fine.","@SpotifyCares why wont the Spotify app on my phone play the local files I just synced to my new iPhone X?
They worked on my last phone just fine. @142363 Hey Leighton! Don't worry, help's here. Can you let us know the iOS and Spotify versions you're using? We'll see what we can suggest /MT @SpotifyCares iOS 11.2.2, Spotify 8.4.28.1104 @142363 Thanks for the info. Does logging out &gt; restarting your device &gt; logging back in help at all? We'll be on the lookout for your reply /MT",False,True,0.5,True,9,True,normal,G130,app_crash,,False,"Acknowledge the app issue. Request device model, OS version, and Spotify version. Suggest updating the app and OS, reinstalling Spotify, or checking for known compatibility issues.",
2834994,Hey why tf does @115888 only have 3 months for $9.99?? I have $3 babe give me like 1 month for like $1.99 thanks,Hey why tf does @115888 only have 3 months for $9.99?? I have $3 babe give me like 1 month for like $1.99 thanks @789134 Hey there! Could you send us a DM with your account's email address? We'll take a look backstage /MA https://t.co/ldFdZRiNAt,False,False,0.5,True,1,False,normal,G131,other_unclear,,False,Thank the customer for reaching out. Ask them to describe their issue in more detail so the right support team can assist.,Auto-labeled as other_unclear; message lacks sufficient intent signal.
510508,why cant i create a spotify acc?,"why cant i create a spotify acc? @237287 Hey there! Can you DM us your email address, along with the country you're currently in? If you're getting an error message, a screenshot of it would also help. We'll check backstage /LP https://t.co/ldFdZRiNAt @SpotifyCares thanks a lot but i figured it out already! :) @237287 Cool. If there's anything else, just give us a shout. Have a... https://t.co/FQulrDtFky 🙂 /LP",False,False,0.5,True,3,False,normal,G132,other_unclear,,False,Thank the customer for reaching out. Ask them to describe their issue in more detail so the right support team can assist.,Auto-labeled as other_unclear; message lacks sufficient intent signal.
2857511,"@SpotifyCares if you really cared, you'd fix your Roku app. Not being able to access my playlists is really getting in the way of my Xmas spirit.","@SpotifyCares if you really cared, you'd fix your Roku app. Not being able to access my playlists is really getting in the way of my Xmas spirit. @794183 Hey Shane! We have some info about the Spotify app on Roku here: https://t.co/titMn0j3Im. Give us a shout if there's anything else /TR",False,False,0.5,True,1,False,normal,G133,other_unclear,,False,Thank the customer for reaching out. Ask them to describe their issue in more detail so the right support team can assist.,Auto-labeled as other_unclear; message lacks sufficient intent signal.
694037,@121907 Hey guys! Do you have a contact e-mail for me? :-),@121907 Hey guys! Do you have a contact e-mail for me? :-) @285493 @121907 Hey R3HAB! Can you DM us a little more info on what you'd like help with? We'll see what we can suggest /K https://t.co/ldFdZRiNAt,False,False,0.5,True,1,False,normal,G134,other_unclear,,False,Thank the customer for reaching out. Ask them to describe their issue in more detail so the right support team can assist.,Auto-labeled as other_unclear; message lacks sufficient intent signal.
2972063,Thank you Spotify! This is why you're the best baby! https://t.co/ALjI42fGsd,"Thank you Spotify! This is why you're the best baby! https://t.co/ALjI42fGsd @422096 You're welcome and thanks for the kind words! If you ever need us again, just give us a... https://t.co/AUc7DGJpgF 🙂 /AR",False,False,0.5,True,1,False,normal,G135,other_unclear,,False,Thank the customer for reaching out. Ask them to describe their issue in more detail so the right support team can assist.,Auto-labeled as other_unclear; message lacks sufficient intent signal.
2794507,@SpotifyCares ummm can you please explain to me why my premium membership apparently just stopped? is this why things have been disappearing from my downloaded playlists? what the heck? the card on file was valid. 😤😤😤,"@SpotifyCares ummm can you please explain to me why my premium membership apparently just stopped? is this why things have been disappearing from my downloaded playlists? what the heck? the card on file was valid. 😤😤😤 @779839 Hey there, help's here! Could you DM us your account's email address and username? We'll take a look backstage /CG https://t.co/ldFdZR1cbT",False,False,0.5,True,1,False,normal,G136,download_offline,,False,"Ask for the device and Spotify version. Check: Premium subscription active, device storage, offline device limit (max 5 devices), and whether the toggle is enabled in Settings → Playback → Offline Mode.",
2807566,"I need Complete, I Mean, 24/7 and Brand New Days BTOB albums on @115888 😭😭😭","I need Complete, I Mean, 24/7 and Brand New Days BTOB albums on @115888 😭😭😭 @783003 Hey there! We’d love to have all of their stuff available, but we have some info about content here: https://t.co/0i8GpimuDa /NQ",False,False,0.5,True,1,False,normal,G137,other_unclear,,False,Thank the customer for reaching out. Ask them to describe their issue in more detail so the right support team can assist.,Auto-labeled as other_unclear; message lacks sufficient intent signal.
538053,I think my @115888 is glitch 😕,"I think my @115888 is glitch 😕 @244738 Hi there! That doesn't sound good. Can you let us know what's happening exactly? Any screenshots of the issue would also help. We'll see what we can suggest /LP @SpotifyCares The song YuNg BrAtZ is not on my playlist but when I look at “Next From” it’s there. Also, my playlist says 40 songs but I counted 39. I don’t know how to take the song off. https://t.co/Q49Ti5kVmL @244738 Hmm. Can you send us your account's username or email address via DM? We'll take a look under the hood /LP https://t.co/ldFdZRiNAt",False,False,0.5,True,3,False,normal,G138,other_unclear,,False,Thank the customer for reaching out. Ask them to describe their issue in more detail so the right support team can assist.,Auto-labeled as other_unclear; message lacks sufficient intent signal.
131810,@115888 your laptop version is very very hard to read. Please do something.,"@115888 your laptop version is very very hard to read. Please do something. @145719 Hi CK! Help's here. Can you let us know your laptop's operating system and app versions? We'll see what we can suggest /MU @SpotifyCares sure it is windows 10 Home and app version is 1.0.67.582.g19436fa3 (Windows Store version) @145719 Thanks. While on the app, can you try pressing Ctrl + 0 (zero) on your keyboard? Is it better now? /MU",False,True,0.5,True,5,False,normal,G139,other_unclear,,False,Thank the customer for reaching out. Ask them to describe their issue in more detail so the right support team can assist.,Auto-labeled as other_unclear; message lacks sufficient intent signal.
2755859,@SpotifyCares hurry up and verify my request to get access to my profile.,@SpotifyCares hurry up and verify my request to get access to my profile. @270295 We can chase this up for you. Just DM us your artist URI and your contact email address /JP https://t.co/ldFdZRiNAt,False,False,0.5,True,1,False,normal,G140,other_unclear,,False,Thank the customer for reaching out. Ask them to describe their issue in more detail so the right support team can assist.,Auto-labeled as other_unclear; message lacks sufficient intent signal.
163731,@SpotifyCares I've been trying to get Spotify premium for the past two days with my PayPal and it hasn't been working.,@SpotifyCares I've been trying to get Spotify premium for the past two days with my PayPal and it hasn't been working. @153880 Hi there! Can you send us your account's email address or username via DM? We'll take a look /GT https://t.co/ldFdZRiNAt,False,False,0.5,True,1,False,normal,G141,other_unclear,,False,Thank the customer for reaching out. Ask them to describe their issue in more detail so the right support team can assist.,Auto-labeled as other_unclear; message lacks sufficient intent signal.
688098,@115888 it's really 4.990 only but u have to pay using credit card which is here in Indonesia not so many ppl have it. especially teen age. so pls Spotify ur main market is teenager don't force them to steal their parents credit card,"@115888 it's really 4.990 only but u have to pay using credit card which is here in Indonesia not so many ppl have it. especially teen age. so pls Spotify ur main market is teenager don't force them to steal their parents credit card @771416 We understand, and we appreciate your feedback. Don't worry, we'll pass it on to the team. In the meantime, you can also a PayPal account to take advantage of this. Hope this clears things up /RB",False,False,0.5,True,1,False,normal,G142,billing_dispute,,True,ESCALATE to billing team. Do not process refunds via Twitter. Acknowledge the charge concern and direct customer to spotify.com/account to check their plan. Request they DM account email so billing team can investigate.,
526692,"Allo @SpotifyCares so I have seen @241897 had the same problem with the random letters and numbers for a username? Anyway, you can dm me so I can change my username?","Allo @SpotifyCares so I have seen @241897 had the same problem with the random letters and numbers for a username? Anyway, you can dm me so I can change my username? @241896 Hey There! Can you DM us your account's username or email address? We'll take a look backstage /MS https://t.co/ldFdZR1cbT",False,False,0.5,True,1,False,normal,G143,other_unclear,,False,Thank the customer for reaching out. Ask them to describe their issue in more detail so the right support team can assist.,Auto-labeled as other_unclear; message lacks sufficient intent signal.
1790149,@115888 when ya going to let me see who’s following my playlists?,"@115888 when ya going to let me see who’s following my playlists? @537733 Hey there! We don't have any info on this right now, but we'll let the right team know it's something you'd like to see /NQ",False,False,0.5,True,1,False,normal,G144,other_unclear,,False,Thank the customer for reaching out. Ask them to describe their issue in more detail so the right support team can assist.,Auto-labeled as other_unclear; message lacks sufficient intent signal.
1351885,@117153 I'm getting this message when I try to log on with my PS4. It worked earlier today and it's working on my other devices. https://t.co/JLJa0RfcZc,@117153 I'm getting this message when I try to log on with my PS4. It worked earlier today and it's working on my other devices. https://t.co/JLJa0RfcZc @435250 Hey Tia! Can you DM us your account's email address? We'll take a look at what's going on backstage /RR https://t.co/ldFdZRiNAt @SpotifyCares It seems to be okay now 🙂 @435250 Awesome! Glad to hear everything's up and running. Just let us know if we can help with anything else. https://t.co/m4HWSbgHVZ 😁 /RR,False,False,0.5,True,3,False,normal,G145,other_unclear,,False,Thank the customer for reaching out. Ask them to describe their issue in more detail so the right support team can assist.,Auto-labeled as other_unclear; message lacks sufficient intent signal.
584177,"@SpotifyCares seriously, I finally get it to install some updates and then.. CLANG! Whats with this? Making it much easier choice for me NOT to purchase Premium!","@SpotifyCares seriously, I finally get it to install some updates and then.. CLANG! Whats with this? Making it much easier choice for me NOT to purchase Premium! @252747 Sorry for the delay. We've just replied to your DM. Let's carry on chatting there /DV",False,False,0.5,True,1,False,normal,G146,other_unclear,,False,Thank the customer for reaching out. Ask them to describe their issue in more detail so the right support team can assist.,Auto-labeled as other_unclear; message lacks sufficient intent signal.
2715278,"Humble request for @115888- add a feature that allows me to select a song, and see user created playlists that it belongs to. I feel like that'd be a perfect way to discover new music I would like.","Humble request for @115888- add a feature that allows me to select a song, and see user created playlists that it belongs to. I feel like that'd be a perfect way to discover new music I would like. @762221 Hi Geoff! This sounds like a great idea. Suggest it in our Community at https://t.co/rtDvYZOF32 /DD",False,False,0.5,True,1,False,normal,G147,other_unclear,,False,Thank the customer for reaching out. Ask them to describe their issue in more detail so the right support team can assist.,Auto-labeled as other_unclear; message lacks sufficient intent signal.
2772032,@SpotifyCares Hi. Can I try 3 months of Premium for $0.99 and after 3 months change it to Premium for students?,@SpotifyCares Hi. Can I try 3 months of Premium for $0.99 and after 3 months change it to Premium for students? @774840 Hey! Help's here. Can you DM us your account's email address? We'll take a look backstage and give you some more info /BD https://t.co/ldFdZRiNAt @SpotifyCares DM has sent @774840 Got it. We've just replied to it. Feel free to check it out /MC,False,False,0.5,True,3,False,normal,G148,subscription_upgrade,,False,Guide through the appropriate upgrade path. For student: verify at spotify.com/student. For Hulu bundle: activate at spotify.com/hulu. For Family: invite via spotify.com/family. Check current plan at spotify.com/account.,
634059,@115888 @SpotifyCares I have exceeded my download limit and many of my songs are being deleted to make room for new ones. Any news on getting more storage on mobile version? Should I consider a reset?,"@115888 @SpotifyCares I have exceeded my download limit and many of my songs are being deleted to make room for new ones. Any news on getting more storage on mobile version? Should I consider a reset? @270319 Hi there! No worries, we'll be sure to let the right team know about your feedback. You can also vote for the idea here: https://t.co/8OOl8AKGHz /XF",False,False,0.5,True,1,False,normal,G149,download_offline,,False,"Ask for the device and Spotify version. Check: Premium subscription active, device storage, offline device limit (max 5 devices), and whether the toggle is enabled in Settings → Playback → Offline Mode.",
2720901,"@115888 tried to sign up for spotify today...
it DIDN'T WORK","@115888 tried to sign up for spotify today...
it DIDN'T WORK @763445 Hi there, thanks for reaching out! Just to check, are you trying to create a Spotify account? If not, can you tell us more about what you're referring to? We'll see what we can suggest /AK",False,False,0.5,True,1,False,normal,G150,other_unclear,,False,Thank the customer for reaching out. Ask them to describe their issue in more detail so the right support team can assist.,Auto-labeled as other_unclear; message lacks sufficient intent signal.
1736606,THIS IS SERIOUS @115888 IVE BEEN BUILDING UP THIS COLLECTION FOR SIX YEARS FJDKDJSKDJSK https://t.co/j1UWX7ZmUz,"THIS IS SERIOUS @115888 IVE BEEN BUILDING UP THIS COLLECTION FOR SIX YEARS FJDKDJSKDJSK https://t.co/j1UWX7ZmUz @524271 Hey, that's not cool! Can you DM us your account's email address? We'll take a look backstage /RA https://t.co/ldFdZRiNAt",False,False,0.5,True,1,False,normal,G151,other_unclear,,False,Thank the customer for reaching out. Ask them to describe their issue in more detail so the right support team can assist.,Auto-labeled as other_unclear; message lacks sufficient intent signal.
2738290,@125633 is there something wrong with the web page right now?? https://t.co/kdVyFyzJ29,"@125633 is there something wrong with the web page right now?? https://t.co/kdVyFyzJ29 @767251 Hey, that's not cool! Could you let us know which page you're trying to open? We'll take a closer look /Q @SpotifyCares Hi thanks! Is this https://t.co/E4gAVp1Lg2 to enter my account for spotify artists. @767251 Can you try heading here https://t.co/VXCRMeVz4o using an incognito window? Then click Log In and let us know how you get on! /J",False,True,0.5,True,5,True,normal,G152,other_unclear,,False,Thank the customer for reaching out. Ask them to describe their issue in more detail so the right support team can assist.,Auto-labeled as other_unclear; message lacks sufficient intent signal.
569615,@115888 I clicked the video for 30 minutes of ad free music and got through two songs before an ad popped up. TWO songs,@115888 I clicked the video for 30 minutes of ad free music and got through two songs before an ad popped up. TWO songs @232848 That's strange. We'll get this passed on to our devs so they can look into it. Give us a shout if you need anything else /NQ,False,False,0.5,True,1,False,normal,G153,other_unclear,,False,Thank the customer for reaching out. Ask them to describe their issue in more detail so the right support team can assist.,Auto-labeled as other_unclear; message lacks sufficient intent signal.
596350,@SpotifyCares ive been double charged for my subscription how do i get this money back ?,@SpotifyCares ive been double charged for my subscription how do i get this money back ? @261331 Hi Paul! Can you send over your account's email address and username via DM? We'll check behind the scenes /NJ https://t.co/ldFdZRiNAt,False,False,0.5,True,1,False,normal,G154,billing_dispute,,True,ESCALATE to billing team. Do not process refunds via Twitter. Acknowledge the charge concern and direct customer to spotify.com/account to check their plan. Request they DM account email so billing team can investigate.,
2772045,"Hey @SpotifyCares and @116130, I'm really hoping Santa brings me Echo for Xmas, but website says multiroom for Spotify is ""coming soon"" and @115833 don't know when this will be. Can you give us a clue? The Echo will be pointless for me if it doesn't do this soon! ☹️","Hey @SpotifyCares and @116130, I'm really hoping Santa brings me Echo for Xmas, but website says multiroom for Spotify is ""coming soon"" and @115833 don't know when this will be. Can you give us a clue? The Echo will be pointless for me if it doesn't do this soon! ☹️ @774846 Hey Chris! We don't have any news on this right now, but we'll make sure to let the right folks know it's something you'd like to see. Stay tuned 🙂 /L",False,False,0.5,True,1,False,normal,G155,other_unclear,,False,Thank the customer for reaching out. Ask them to describe their issue in more detail so the right support team can assist.,Auto-labeled as other_unclear; message lacks sufficient intent signal.
2678330,"Bad enough that I can't exclude songs on @115888 with explicit lyrics, but now they're playing ads that contain hugely offensive language. Time to change streaming music provider me thinks!","Bad enough that I can't exclude songs on @115888 with explicit lyrics, but now they're playing ads that contain hugely offensive language. Time to change streaming music provider me thinks! @555839 Hey! Which ad are you referring to? DM us some more info. We'll take a look and let the right folks know /BD https://t.co/ldFdZRiNAt",False,False,0.5,True,1,False,normal,G156,other_unclear,,False,Thank the customer for reaching out. Ask them to describe their issue in more detail so the right support team can assist.,Auto-labeled as other_unclear; message lacks sufficient intent signal.
504287,WHY IS POST MALONE’S NEW ALBUM NOT ON SPOTIFY YET??????? @115888,"WHY IS POST MALONE’S NEW ALBUM NOT ON SPOTIFY YET??????? @115888 @235575 Hey Maddy! Fingers crossed we'll be able to have it soon, but there's info about Spotify content here: https://t.co/1dgftcFtzc 🙂 /JI",True,False,0.5,True,1,False,normal,G157,playlist_content_missing,,False,"Acknowledge the missing content. Explain that content availability depends on licensing agreements. Link to spotify.com/content-policy for more information. If a playlist has disappeared, ask them to check Settings → Recover playlists.",
1736602,"@SpotifyCares are there any plans to fix the ps4 app? It is horrible compared to the mobile app. Freezes all the time, doesn't play music when tracks change sometime, just a disappointing product overall.","@SpotifyCares are there any plans to fix the ps4 app? It is horrible compared to the mobile app. Freezes all the time, doesn't play music when tracks change sometime, just a disappointing product overall. @524270 Hey Brandon, help's here! Sorry to hear you feel this way. Can you send us a screenshot of how things appear on your end? Also, can you let us know when this started happening? Was it after an app update? We'll be waiting /CH",False,False,0.5,True,1,False,normal,G158,app_crash,,False,"Acknowledge the app issue. Request device model, OS version, and Spotify version. Suggest updating the app and OS, reinstalling Spotify, or checking for known compatibility issues.",
2947617,"@115888 Why can't I find @44782 latest release #ImNotRacist 

It's cool, we all make mistakes but please be sure to correct this Asap Rocky. https://t.co/shYotKBs3X","@115888 Why can't I find @44782 latest release #ImNotRacist 

It's cool, we all make mistakes but please be sure to correct this Asap Rocky. https://t.co/shYotKBs3X @115888 @44782 @113093 I really need this track for a shared playlist. https://t.co/HuueV9jZ3F @814114 Hey! We’ll have it available to you as soon as it’s available to us! There's more info here: https://t.co/1dgftcFtzc 🙂 /L",False,False,0.5,True,2,False,normal,G159,other_unclear,,False,Thank the customer for reaching out. Ask them to describe their issue in more detail so the right support team can assist.,Auto-labeled as other_unclear; message lacks sufficient intent signal.
2985576,@SpotifyCares is there any possible way to shuffle a playlist you made,@SpotifyCares is there any possible way to shuffle a playlist you made @823246 Hey there! You can shuffle tracks in your playlist by clicking/tapping on the icon that has 2 lines intertwined beside the play/pause button. Hope this helps /NS,False,False,0.5,True,1,False,normal,G160,audio_playback,,False,"Acknowledge the playback interruption. Ask for device, OS, and Spotify version. Suggest: clear cache (Settings → Storage → Clear Cache), log out and back in, reinstall the app, or check if another device is streaming simultaneously.",
654580,@117153 I can’t tap my Playlists option. It only shows when I swipe down. https://t.co/PKbwbIzi4k,"@117153 I can’t tap my Playlists option. It only shows when I swipe down. https://t.co/PKbwbIzi4k @275716 Hey Sonya, we're here to help! Can you let us know your device, operating system, and Spotify version? We'll see what we can suggest /JP",False,False,0.5,True,1,False,normal,G161,other_unclear,,False,Thank the customer for reaching out. Ask them to describe their issue in more detail so the right support team can assist.,Auto-labeled as other_unclear; message lacks sufficient intent signal.
574266,what is up with @115888 recently not loading any of my playlists or search results,"what is up with @115888 recently not loading any of my playlists or search results @135435 Hey! The cavalry's here. Can you fire over the device's make/model, operating system, and the Spotify version you're using? We'll see what we can suggest /JS",False,False,0.5,True,1,False,normal,G162,other_unclear,,False,Thank the customer for reaching out. Ask them to describe their issue in more detail so the right support team can assist.,Auto-labeled as other_unclear; message lacks sufficient intent signal.
2740914,"hi @SpotifyCares ! My mom needs help. She's had her week's free trial, she's been charged twice (two months) for subscription, but her account hasn't upgraded and won't. A payment was made last week and her account is still not premium. Can you help?","hi @SpotifyCares ! My mom needs help. She's had her week's free trial, she's been charged twice (two months) for subscription, but her account hasn't upgraded and won't. A payment was made last week and her account is still not premium. Can you help? @767838 Hi there, we'd be happy to help! Can you DM us with your mom's username and email address? We'll check it out backstage /WW https://t.co/ldFdZRiNAt",False,False,0.5,True,1,False,normal,G163,billing_dispute,,True,ESCALATE to billing team. Do not process refunds via Twitter. Acknowledge the charge concern and direct customer to spotify.com/account to check their plan. Request they DM account email so billing team can investigate.,
446900,what's going on with spotify???????????????????????????? @115888,what's going on with spotify???????????????????????????? @115888 @220866 We've just sent you a DM 🙂 /KL,False,False,0.5,True,1,False,normal,G164,other_unclear,,False,Thank the customer for reaching out. Ask them to describe their issue in more detail so the right support team can assist.,Auto-labeled as other_unclear; message lacks sufficient intent signal.
632004,@115888 why have you cancelled my premium account with no notification of this happening?? Not happy having my songs interrupted by ads 👎🏻,"@115888 why have you cancelled my premium account with no notification of this happening?? Not happy having my songs interrupted by ads 👎🏻 @269792 Hey Megan, we'd love to look into this for you. Can you DM us your account's username or email address? We'll check backstage /JP https://t.co/ldFdZRiNAt",False,False,0.5,True,1,False,normal,G165,other_unclear,,False,Thank the customer for reaching out. Ask them to describe their issue in more detail so the right support team can assist.,Auto-labeled as other_unclear; message lacks sufficient intent signal.
1830232,"@115888 having a hard time troubleshooting - every time I️ play an album, Spotify inserts other songs not on the album that I️ cannot skip (sometimes before a song from the album even plays!). Can I️ turn this off...? #Spotify #SpotifyTroubleshooting","@115888 having a hard time troubleshooting - every time I️ play an album, Spotify inserts other songs not on the album that I️ cannot skip (sometimes before a song from the album even plays!). Can I️ turn this off...? #Spotify #SpotifyTroubleshooting @549223 Hey there! Could you tell us what device/OS you're using?  Keep us posted /DF",False,False,0.5,True,1,False,normal,G166,audio_playback,playlist_content_missing,False,"Acknowledge the playback interruption. Ask for device, OS, and Spotify version. Suggest: clear cache (Settings → Storage → Clear Cache), log out and back in, reinstall the app, or check if another device is streaming simultaneously. Additionally, regarding the secondary issue (playlist_content_missing): Acknowledge the missing content. Explain that content availability depends on licensing agreements. ...","Multi-intent detected: primary=audio_playback, secondary=playlist_content_missing."
515457,@151631 I can't find invite family members page,@151631 I can't find invite family members page @238739 Hey Dane! We've sent a DM your way. Let's carry on chatting there 🙂 /MO,False,False,0.5,True,1,False,normal,G167,other_unclear,,False,Thank the customer for reaching out. Ask them to describe their issue in more detail so the right support team can assist.,Auto-labeled as other_unclear; message lacks sufficient intent signal.
468375,@SpotifyCares I'm trying to update my payment information and it keeps kicking me to Spotify for Students. I'm no longer a student; I just want to update my payment info for a premium account. I think this is a website bug,@SpotifyCares I'm trying to update my payment information and it keeps kicking me to Spotify for Students. I'm no longer a student; I just want to update my payment info for a premium account. I think this is a website bug @226519 Hey there! Can you DM us your account's email address? We'll take a look /RB https://t.co/ldFdZRiNAt,False,False,0.5,True,1,False,normal,G168,billing_dispute,subscription_upgrade,True,"ESCALATE to billing team. Do not process refunds via Twitter. Acknowledge the charge concern and direct customer to spotify.com/account to check their plan. Request they DM account email so billing team can investigate. Additionally, regarding the secondary issue (subscription_upgrade): Guide through the appropriate upgrade path. For student: verify at spotify.com/student. For Hulu bun...","Multi-intent detected: primary=billing_dispute, secondary=subscription_upgrade."
1346667,"@SpotifyCares I'm from Slovenia. Here is no @115888. I'm using different metod to use Spotify. But here is no premium. You are welcome in Slovenia. Come here,  please! 
*Website can also be in English","@SpotifyCares I'm from Slovenia. Here is no @115888. I'm using different metod to use Spotify. But here is no premium. You are welcome in Slovenia. Come here,  please! 
*Website can also be in English @434032 Hey! We're launching in new countries as often as possible. Be sure to add your email at https://t.co/X8DVSX9QgM /MX @SpotifyCares I'm already on the list. Can you please tell me when is expected (year) to do Spotify in Slovenia? @434032 We're working on this as we speak, but we don't have a release date yet. Stay awesome 😁 /MX",False,False,0.5,True,3,False,normal,G169,other_unclear,,False,Thank the customer for reaching out. Ask them to describe their issue in more detail so the right support team can assist.,Auto-labeled as other_unclear; message lacks sufficient intent signal.
156976,"@SpotifyCares Hi, I have an issue - i use spotify via Facebook and accidentaly made another account, where I purchased premium. Now I`m trying to connect my FB account to the one where I paid for premium, but it reports me some kind of error. Can u help me solve this?","@SpotifyCares Hi, I have an issue - i use spotify via Facebook and accidentaly made another account, where I purchased premium. Now I`m trying to connect my FB account to the one where I paid for premium, but it reports me some kind of error. Can u help me solve this? @152056 Hey Jerry, we'd be happy to help! Could you DM us the email address and username for both accounts? We'll check this out backstage /BX https://t.co/ldFdZRiNAt",False,False,0.5,True,1,False,normal,G170,other_unclear,,False,Thank the customer for reaching out. Ask them to describe their issue in more detail so the right support team can assist.,Auto-labeled as other_unclear; message lacks sufficient intent signal.
2766510,@SpotifyCares Why don't you guys have more of @106316 music on spotify and why ain't he verified?? https://t.co/g7lQW6dQZ7,"@SpotifyCares Why don't you guys have more of @106316 music on spotify and why ain't he verified?? https://t.co/g7lQW6dQZ7 @773677 Hi there! We’d love to have all of his stuff available, but we have some info about content here: https://t.co/0i8GpimuDa. Hope this info helps /GK",False,False,0.5,True,1,False,normal,G171,other_unclear,,False,Thank the customer for reaching out. Ask them to describe their issue in more detail so the right support team can assist.,Auto-labeled as other_unclear; message lacks sufficient intent signal.
617828,"@SpotifyCares hi, I Just upgraded to family account, i invited my dad (iPhone 4S) to join but the system does not recognize the code. Help!","@SpotifyCares hi, I Just upgraded to family account, i invited my dad (iPhone 4S) to join but the system does not recognize the code. Help! @SpotifyCares  why i’m not receiving answers? I even DM you. Thanks in advance @266586 Hi! Sorry for the delay in response. We've sent a DM your way, and we'll carry on helping out there /AY",False,False,0.5,True,2,False,normal,G172,other_unclear,,False,Thank the customer for reaching out. Ask them to describe their issue in more detail so the right support team can assist.,Auto-labeled as other_unclear; message lacks sufficient intent signal.
2653019,"ok @115888 give me one reason why y'all have the Naked Brothers Band's entire self-titled album ""The Naked Brothers Band"" (2007) EXCEPT for ""Crazy Car""??","ok @115888 give me one reason why y'all have the Naked Brothers Band's entire self-titled album ""The Naked Brothers Band"" (2007) EXCEPT for ""Crazy Car""?? @748192 Hey! We’d love to have all of their stuff available, but we have some info about content here: https://t.co/0i8GpimuDa /RE",False,False,0.5,True,1,False,normal,G173,other_unclear,,False,Thank the customer for reaching out. Ask them to describe their issue in more detail so the right support team can assist.,Auto-labeled as other_unclear; message lacks sufficient intent signal.
661759,"🙇@115888 , I love Spotify.  would love to build smart playlists.  is there a method outside of ""drag/drop"" on either desktop or smartphone compatibility of the app? All the best","🙇@115888 , I love Spotify.  would love to build smart playlists.  is there a method outside of ""drag/drop"" on either desktop or smartphone compatibility of the app? All the best @277654 Hey! We can see how that’d be useful. You can help make it happen by voting for the official idea here: https://t.co/dz7rC9kIkD /KB @SpotifyCares @115888 Hey! Take the feedback, my work is done! @277654 We hear you 🎧 Rest assured, your feedback will be passed on to the right folks. Thanks for taking the time to reach out! /KB",False,False,0.5,True,3,False,normal,G174,other_unclear,,False,Thank the customer for reaching out. Ask them to describe their issue in more detail so the right support team can assist.,Auto-labeled as other_unclear; message lacks sufficient intent signal.
558606,"@SpotifyCares hi, I've been logged out of my premium account on both my iPhone &amp; laptop. Trying to log back in but says my info is incorrect &amp; when I try to reset password it says ""CSFR token invalid."" Pls help I'm stressed !!!!!!!!","@SpotifyCares hi, I've been logged out of my premium account on both my iPhone &amp; laptop. Trying to log back in but says my info is incorrect &amp; when I try to reset password it says ""CSFR token invalid."" Pls help I'm stressed !!!!!!!! @SpotifyCares Going to switch to Apple Music if you don't get back to my within the day. 😤 @250520 Hi! We've replied to your DM. Check your inbox /LM @SpotifyCares No you didn't but it's fine because I figured it out on my own 🙄",False,True,0.5,True,4,False,normal,G175,other_unclear,,False,Thank the customer for reaching out. Ask them to describe their issue in more detail so the right support team can assist.,Auto-labeled as other_unclear; message lacks sufficient intent signal.
490787,Why is there only a censored version of Graduation by Kanye West on @116130 ???,"Why is there only a censored version of Graduation by Kanye West on @116130 ??? @231913 Hey Aaron! Where possible we have both versions available. More info here: https://t.co/yTUsAFORdK. If you ever need anything else, just shout and we'll come running 🏃 /JX",False,False,0.5,True,1,False,normal,G176,other_unclear,,False,Thank the customer for reaching out. Ask them to describe their issue in more detail so the right support team can assist.,Auto-labeled as other_unclear; message lacks sufficient intent signal.
633984,@SpotifyCares I’ve got 2 sep prem accs in same household &amp; would like to merge the 2 in the family plan to be more cost effective.,@SpotifyCares I’ve got 2 sep prem accs in same household &amp; would like to merge the 2 in the family plan to be more cost effective. @270290 Hey Drew! That sounds like a plan - we'd love to help. Can you DM us your accounts' usernames or email addresses? We'll take a look /CP https://t.co/ldFdZRiNAt,False,False,0.5,True,1,False,normal,G177,subscription_upgrade,,False,Guide through the appropriate upgrade path. For student: verify at spotify.com/student. For Hulu bundle: activate at spotify.com/hulu. For Family: invite via spotify.com/family. Check current plan at spotify.com/account.,
2779476,@SpotifyCares @115888 hi!!! Is there a way I can please get a code for Romeo Santos golden tour PRE SALE ?? Pls I'm begging u 😭😭😭😭,@SpotifyCares @115888 hi!!! Is there a way I can please get a code for Romeo Santos golden tour PRE SALE ?? Pls I'm begging u 😭😭😭😭 @776355 Hi Cindy! We’re afraid the codes are unique and sent to those who listen to him the most on Spotify. Hopefully you'll receive one 🙂 /NJ,True,False,0.5,True,1,False,normal,G178,other_unclear,,False,Thank the customer for reaching out. Ask them to describe their issue in more detail so the right support team can assist.,Auto-labeled as other_unclear; message lacks sufficient intent signal.
2898308,@SpotifyCares what's the presale code for Billie Eilish tomorrow?,@SpotifyCares what's the presale code for Billie Eilish tomorrow? @802989 Hey Harry! Pre-sale codes are being sent out by email to some of Billie Eilish's biggest fans on Spotify. Hopefully you're one of them! Stay awesome 😁 /JZ,False,False,0.5,True,1,True,normal,G179,other_unclear,,False,Thank the customer for reaching out. Ask them to describe their issue in more detail so the right support team can assist.,Auto-labeled as other_unclear; message lacks sufficient intent signal.
637654,@SpotifyCares why have you removed A guy called Gerald - voodoo ray? get it sorted.,"@SpotifyCares why have you removed A guy called Gerald - voodoo ray? get it sorted. @271194 Hey Jamie, the cavalry's here! We'd love to have all of A Guy Called Gerald's music available, but you can check out more info about content here: https://t.co/0i8GpimuDa. Hope that helps /LX",False,False,0.5,True,1,False,normal,G180,other_unclear,,False,Thank the customer for reaching out. Ask them to describe their issue in more detail so the right support team can assist.,Auto-labeled as other_unclear; message lacks sufficient intent signal.
2709259,"My discovery weekly is absolutely shit today, you're letting me down @115888  you guys have been on point the last few weeks but today's is :( , plis send a decent play list my way","My discovery weekly is absolutely shit today, you're letting me down @115888  you guys have been on point the last few weeks but today's is :( , plis send a decent play list my way @760802 Hey, sorry to hear Discover Weekly wasn’t to your liking this week! It’ll be re-tuned on Monday. Check out &lt;inset Daily Mix, Fresh Finds, Release Radar&gt; in the meantime /NS",False,False,0.5,True,1,False,normal,G181,other_unclear,,False,Thank the customer for reaching out. Ask them to describe their issue in more detail so the right support team can assist.,Auto-labeled as other_unclear; message lacks sufficient intent signal.
175481,@SpotifyCares my next step is to issue a stop payment on both my own Spotify and the one I gifted https://t.co/FMVMfJf2xu,@SpotifyCares my next step is to issue a stop payment on both my own Spotify and the one I gifted https://t.co/FMVMfJf2xu @156309 We've just sent a DM your way. Let's carry on chatting there! /GS,False,False,0.5,True,1,False,normal,G182,billing_dispute,,True,ESCALATE to billing team. Do not process refunds via Twitter. Acknowledge the charge concern and direct customer to spotify.com/account to check their plan. Request they DM account email so billing team can investigate.,
2394401,Can @115888  explain to me why I'm seeing ads when i pay for my subscription? Not happy.,Can @115888  explain to me why I'm seeing ads when i pay for my subscription? Not happy. @689323 Hi Liam! Could you send over your account's email address via DM? We'll check behind the scenes /NJ https://t.co/ldFdZRiNAt,False,False,0.5,True,1,False,normal,G183,other_unclear,,False,Thank the customer for reaching out. Ask them to describe their issue in more detail so the right support team can assist.,Auto-labeled as other_unclear; message lacks sufficient intent signal.
488799,"@SpotifyCares Hi guys, we've lost all of our artists on our Spotify For Artists page.","@SpotifyCares Hi guys, we've lost all of our artists on our Spotify For Artists page. @231398 Hey! Our friends in Artist Support are the right folks to help with this. You can get in touch with them here: https://t.co/41wf7ozbVm /CG @SpotifyCares All fixed now cheers Smittens @231398 Woohoo, that's what we like to hear! Give us a shout if you need us again, otherwise... https://t.co/SkdXv2BhCb /CG",False,False,0.5,True,3,False,normal,G184,other_unclear,,False,Thank the customer for reaching out. Ask them to describe their issue in more detail so the right support team can assist.,Auto-labeled as other_unclear; message lacks sufficient intent signal.
2674449,"gods why is this shit not on spotify. IF U EVER FEEL LIKE U DONT BELONG LIKE YOURE ALL ALONE I WILL BE YOUR HOME

https://t.co/8D0L7WPnX2","gods why is this shit not on spotify. IF U EVER FEEL LIKE U DONT BELONG LIKE YOURE ALL ALONE I WILL BE YOUR HOME

https://t.co/8D0L7WPnX2 @752877 Hey! We'd love to have it on Spotify. Hopefully we will in the future. Check this out: https://t.co/MEjmIRL2eB /RE",False,False,0.5,True,1,False,normal,G185,playlist_content_missing,,False,"Acknowledge the missing content. Explain that content availability depends on licensing agreements. Link to spotify.com/content-policy for more information. If a playlist has disappeared, ask them to check Settings → Recover playlists.",
2950132,"why when i connect Spotify with my Chromecast, my library only shuffles between the most recent saved music? @SpotifyCares","why when i connect Spotify with my Chromecast, my library only shuffles between the most recent saved music? @SpotifyCares @185959 Hey there, help's here! Could you DM us your account's email address? We'll see what we can suggest /RK https://t.co/ldFdZRiNAt",False,False,0.5,True,1,False,normal,G186,other_unclear,,False,Thank the customer for reaching out. Ask them to describe their issue in more detail so the right support team can assist.,Auto-labeled as other_unclear; message lacks sufficient intent signal.
2786315,"Hmm, having problems with @115833 and @115888. Alexa is unable to play any artist, ""Cannot find songs by x"". Playlists work fine. Any suggestions?","Hmm, having problems with @115833 and @115888. Alexa is unable to play any artist, ""Cannot find songs by x"". Playlists work fine. Any suggestions? @777908 Hey there! Just to check, do other commands work such as asking your Echo to play a specific song or album? /LM @SpotifyCares Yep - asking for a playlist (even vaguely!) or a specific song works absolutely fine. I've tried a range of artists all on Spotify but Alexa isn't playing nice. As I said, super weird because it was fine last week! @777908 Thanks for the info. Can you try unlinking, and then relinking your Spotify account on your Amazon Echo? Afterwards, try using the command again, and see if the issue persists /LM",False,True,0.5,True,5,True,normal,G187,other_unclear,,False,Thank the customer for reaching out. Ask them to describe their issue in more detail so the right support team can assist.,Auto-labeled as other_unclear; message lacks sufficient intent signal.
2780846,Anyone know Romeo Santos Spotify presale? For March 30 #romeosantos #goldentour @SpotifyCares,Anyone know Romeo Santos Spotify presale? For March 30 #romeosantos #goldentour @SpotifyCares @776664 Hey Karla! Pre-sale codes are being sent out by email to some of Romeo Santos' biggest fans on Spotify. Hopefully you're one of them! /JX,False,False,0.5,True,1,True,normal,G188,other_unclear,,False,Thank the customer for reaching out. Ask them to describe their issue in more detail so the right support team can assist.,Auto-labeled as other_unclear; message lacks sufficient intent signal.
172500,"@SpotifyCares  How to catch a Black Friday Discount

One image from Facebook (ads) , the other from Spotify desktop https://t.co/Yt46If69li","@SpotifyCares  How to catch a Black Friday Discount

One image from Facebook (ads) , the other from Spotify desktop https://t.co/Yt46If69li @156312 @115888 Hey there! Can you DM us your account's email address or username? We'll take a look backstage /MT https://t.co/ldFdZRiNAt",False,False,0.5,True,1,False,normal,G189,other_unclear,,False,Thank the customer for reaching out. Ask them to describe their issue in more detail so the right support team can assist.,Auto-labeled as other_unclear; message lacks sufficient intent signal.
2913845,@115888    My Spotify on my phone or laptop won’t load or anything,@115888    My Spotify on my phone or laptop won’t load or anything @806613 Hey Dan. This is fixed! Everything should now be running as smooth as this guy's voice: https://t.co/NXWaP3cMnY /JE,False,False,0.5,True,1,False,normal,G190,other_unclear,,False,Thank the customer for reaching out. Ask them to describe their issue in more detail so the right support team can assist.,Auto-labeled as other_unclear; message lacks sufficient intent signal.
540363,@SpotifyCares need to cancel my account. Problem is no idea what email was used. Tried them all. How can I cancel. Need help. Thanks,@SpotifyCares need to cancel my account. Problem is no idea what email was used. Tried them all. How can I cancel. Need help. Thanks @245360 Hey there! Can you DM us with any email addresses you may have used to create the account? We'll check them out backstage /QI https://t.co/ldFdZRiNAt,False,False,0.5,True,1,False,normal,G191,other_unclear,,False,Thank the customer for reaching out. Ask them to describe their issue in more detail so the right support team can assist.,Auto-labeled as other_unclear; message lacks sufficient intent signal.
2709257,@115888 having trouble with my account I won't to change my premium spotify to family spotify can you please help,@115888 having trouble with my account I won't to change my premium spotify to family spotify can you please help @760801 Hey Travis! Can you DM us your account's username and email address? We'll take a look behind the scenes /JL https://t.co/ldFdZR1cbT,False,False,0.5,True,1,False,normal,G192,other_unclear,,False,Thank the customer for reaching out. Ask them to describe their issue in more detail so the right support team can assist.,Auto-labeled as other_unclear; message lacks sufficient intent signal.
172530,@115888 man come on w these commercials lol four in a row? Really?,"@115888 man come on w these commercials lol four in a row? Really? @156322 Hey there! Thanks for your feedback - we'll pass it on. For now, check out https://t.co/zgnxs5kPEu if you haven't had a subscription before /MG",False,False,0.5,True,1,False,normal,G193,other_unclear,,False,Thank the customer for reaching out. Ask them to describe their issue in more detail so the right support team can assist.,Auto-labeled as other_unclear; message lacks sufficient intent signal.
654662,"@spotifycares if i signed up for spotify premium as a student but didn't do the verification process, will my card still be charged?","@spotifycares if i signed up for spotify premium as a student but didn't do the verification process, will my card still be charged? @275730 Hey there, help's here! Could you DM us your account's email address and username? We'll help out there /CG https://t.co/ldFdZRiNAt",False,False,0.5,True,1,False,normal,G194,billing_dispute,subscription_upgrade,True,"ESCALATE to billing team. Do not process refunds via Twitter. Acknowledge the charge concern and direct customer to spotify.com/account to check their plan. Request they DM account email so billing team can investigate. Additionally, regarding the secondary issue (subscription_upgrade): Guide through the appropriate upgrade path. For student: verify at spotify.com/student. For Hulu bun...","Multi-intent detected: primary=billing_dispute, secondary=subscription_upgrade."
2975087,@SpotifyCares I'm trying to pay with a gift card to my existing account and was told I can't with a Family Account? Nothing indicating this when I bought it.,@SpotifyCares I'm trying to pay with a gift card to my existing account and was told I can't with a Family Account? Nothing indicating this when I bought it. @820506 Hi there! Can you DM us your account's email address or username? We'll take a look backstage /NQ https://t.co/ldFdZRiNAt,False,False,0.5,True,1,False,normal,G195,billing_dispute,,True,ESCALATE to billing team. Do not process refunds via Twitter. Acknowledge the charge concern and direct customer to spotify.com/account to check their plan. Request they DM account email so billing team can investigate.,
2201030,@115888 thanks for saying your gunna give me a month free and than take it away a week later. #notcool#likedtheservicetillthan,@115888 thanks for saying your gunna give me a month free and than take it away a week later. #notcool#likedtheservicetillthan @643690 Hey Jake! Can you DM us your account's email address or username? We'll take a look backstage /KM https://t.co/ldFdZRiNAt @SpotifyCares Of cpurse thank you @643690 Great! We'll keep an eye out for your DM /AN https://t.co/ldFdZRiNAt,False,False,0.5,True,3,False,normal,G196,other_unclear,,False,Thank the customer for reaching out. Ask them to describe their issue in more detail so the right support team can assist.,Auto-labeled as other_unclear; message lacks sufficient intent signal.
510535,@SpotifyCares how add my music to spotify?,"@SpotifyCares how add my music to spotify? @237297 Hey! You can contact our Artist team here: https://t.co/41wf7ozbVm. If you've reached out, DM us your email address &amp; we'll chase it up /DF",False,False,0.5,True,1,False,normal,G197,other_unclear,,False,Thank the customer for reaching out. Ask them to describe their issue in more detail so the right support team can assist.,Auto-labeled as other_unclear; message lacks sufficient intent signal.
1388095,Didn’t think i’d get a reply! Btw i listen to those raya songs only during eid so i’m pretty sure I don’t listen to them all the time tau https://t.co/fpMrdZk1WC,"Didn’t think i’d get a reply! Btw i listen to those raya songs only during eid so i’m pretty sure I don’t listen to them all the time tau https://t.co/fpMrdZk1WC @442962 We hear you. Rest assured, your feedback will be passed on to the right folks. In the meantime, you can check out Daily Mix. It serves up unique mixes based on aspects of your music taste. You’ll mainly hear tunes you already love /RS @SpotifyCares Thank you! @442962 No worries! Just let us know if we can help with anything else. https://t.co/m4HWSbgHVZ /RS",False,False,0.5,True,3,False,normal,G198,other_unclear,,False,Thank the customer for reaching out. Ask them to describe their issue in more detail so the right support team can assist.,Auto-labeled as other_unclear; message lacks sufficient intent signal.
2895453,@SpotifyCares having trouble setting up Premium Family.  All invites say the code is invalid.  Any thoughts on how to make the account work?,"@SpotifyCares having trouble setting up Premium Family.  All invites say the code is invalid.  Any thoughts on how to make the account work? @802393 Hey, help's here! Can you send us all of your accounts' email addresses or usernames via DM? We'll take a look backstage /JE https://t.co/ldFdZRiNAt",False,False,0.5,True,1,False,normal,G199,other_unclear,,False,Thank the customer for reaching out. Ask them to describe their issue in more detail so the right support team can assist.,Auto-labeled as other_unclear; message lacks sufficient intent signal.
656468,@SpotifyCares when does the offer to get 3 months of premium for $9.99 expire?,"@SpotifyCares when does the offer to get 3 months of premium for $9.99 expire? @219895 Hey there, the offer will end on the 31st of Dec 2017. Strike while the iron's hot! 🔥 /SY @SpotifyCares Cool beans! 👍 @219895 If you have other questions, you can always reach us here. Have a great day 😁 /SY",False,False,0.5,True,3,False,normal,G200,subscription_upgrade,,False,Guide through the appropriate upgrade path. For student: verify at spotify.com/student. For Hulu bundle: activate at spotify.com/hulu. For Family: invite via spotify.com/family. Check current plan at spotify.com/account.,
